Workbook
Name SlicerCache_Table_9_Col_2: #N/A

Sheet SAP
A1: CLIENTE | B1: PEDIDO (14) | C1: POSICIÓN | D1: MATERIAL | E1: PROYECTO | F1: CANTIDAD | G1: TOTAL | H1: FECHA PEDIDO | I1: FECHA REQUERIDO | J1: PEDIDO CLIENTE | K1: PO_ID
A2: BUFKOR INC- | B2: 1402048632 | C2: 10 | D2: 10334816 | E2: BOLSA ROGERS ENTERPRISES 10"X4"X7-75" | F2: 17500 | G2: 18620 | H2: 45771 | I2: 45838 | K2: =CONCAT(B2,C2) -> 140204863210
A3: BUFKOR INC- | B3: 1402048797 | C3: 10 | D3: 10335265 | E3: BOLSA MAUI DIVERS 8"x5"x8" | F3: 1280 | G3: 1730.56 | H3: 45806 | I3: 45849 | K3: =CONCAT(B3,C3) -> 140204879710
A4: CHIPPENHOOK | B4: 1402048824 | C4: 10 | D4: 10332711 | E4: BOLSA FRED MEYER 4-5"x3"x5-5" | F4: 16704 | G4: 5178.24 | H4: 45814 | I4: 45877 | K4: =CONCAT(B4,C4) -> 140204882410
A5: CHIPPENHOOK | B5: 1402048833 | C5: 10 | D5: 10332711 | E5: BOLSA FRED MEYER 4-5"x3"x5-5" | F5: 54180 | G5: 27509.4 | H5: 45814 | I5: 45982 | K5: =CONCAT(B5,C5) -> 140204883310
A6: CHIPPENHOOK | B6: 1402048833 | C6: 20 | D6: 10332712 | E6: BOLSA FRED MEYER 10"x4"x8" | F6: 6240 | G6: 3931.2 | H6: 45814 | I6: 45982 | K6: =CONCAT(B6,C6) -> 140204883320
A7: BUFKOR INC- | B7: 1402049194 | C7: 10 | D7: 10330512 | E7: Bolsa Almagen Corp 8"x4"x10" | F7: 2000 | G7: 5856 | H7: 45923 | I7: 45931 | K7: =CONCAT(B7,C7) -> 140204919410
A8: BUFKOR INC- | B8: 1402049207 | C8: 10 | D8: 10271087 | E8: Bolsa Finks Jewelers 6-5"x3-5"x6-5" | F8: 9000 | G8: 5040 | H8: 45923 | I8: 45894 | K8: =CONCAT(B8,C8) -> 140204920710
A9: BUFKOR INC- | B9: 1402049437 | C9: 10 | D9: 10276560 | E9: Bolsa Finks Jwls 10x5x10" | F9: 3000 | G9: 3528 | H9: 45940 | I9: 45999 | K9: =CONCAT(B9,C9) -> 140204943710
A10: BUFKOR INC- | B10: 1402049207 | C10: 20 | D10: 10271097 | E10: Bolsa Finks Jewelers 7"x5"x9" | F10: 12000 | G10: 8736 | H10: 45923 | I10: 45894 | K10: =CONCAT(B10,C10) -> 140204920720
A11: BUFKOR INC- | B11: 1402049238 | C11: 10 | D11: 10335266 | E11: BOLSA MAUI DIVERS 10"x6"x10" | F11: 3040 | G11: 5496.32 | H11: 45918 | I11: 45960 | K11: =CONCAT(B11,C11) -> 140204923810
A12: BUFKOR INC- | B12: 1402049263 | C12: 10 | D12: 10269533 | E12: FOLDER GOLD CASTER LAWRENCE | F12: 3000 | G12: 2415 | H12: 45918 | I12: 45961 | K12: =CONCAT(B12,C12) -> 140204926310
A13: BUFKOR INC- | B13: 1402049277 | C13: 10 | D13: 10341337 | E13: BOLSA ELEGANCE 8x4x10 IN FL | F13: 5000 | G13: 5480 | H13: 45918 | I13: 45940 | K13: =CONCAT(B13,C13) -> 140204927710
... A59: UNIPACK, S-A- DE C-V- | B59: 1402049321 | C59: 10 | D59: 10275715 | E59: Bolsa Brillanti 6-5"x3-5"x6-5" | F59: 2500 | G59: 1925 | H59: 45965 | I59: 45972 | K59: =CONCAT(B59,C59) -> 140204932110
A60: BUFKOR INC- | B60: 1402049543 | C60: 10 | D60: 10293780 | E60: Bolsa J-C- Jewelers 10"x4"x8" -Blue | F60: 1500 | G60: 4935 | H60: 45971 | I60: 46031 | J60: HT 811106 | K60: =CONCAT(B60,C60) -> 140204954310
A61: HOLISTIC SKIN GUATEMALA | B61: 1402048469 | C61: 20 | D61: 10338264 | E61: SKINCARE OIL - HIGH END BOX | F61: 2500 | G61: 21425 | H61: 45723 | I61: 46022 | J61: HT 810915 | K61: =CONCAT(B61,C61) -> 140204846920
A62: BUFKOR INC- | B62: 1402049268 | C62: 10 | D62: 10334969 | E62: ESTUCHE FLEMING 4 CHOCOLATES 2024 | F62: 35700 | G62: 22134 | H62: 45905 | I62: 45905 | J62: 1301044455 | K62: =CONCAT(B62,C62) -> 140204926810
A63: BUFKOR INC- | B63: 1402049269 | C63: 10 | D63: 10334969 | E63: ESTUCHE FLEMING 4 CHOCOLATES 2024 | F63: 35700 | G63: 22134 | H63: 45905 | I63: 45905 | J63: 1301044445 | K63: =CONCAT(B63,C63) -> 140204926910
A64: PATRON SPIRITS MEXICO S-A DE C-V | B64: 1402049378 | C64: 20 | D64: 10333392 | E64: 8151050296_IB 1X70 EL ALTO GEX 700ml | F64: 772 | G64: 11024.16 | H64: 45925 | I64: 45982 | J64: PO 4510825712 | K64: =CONCAT(B64,C64) -> 140204937820
A65: PATRON SPIRITS MEXICO S-A DE C-V | B65: 1402049440 | C65: 10 | D65: 10334743 | E65: 8151043729_IB 1X75 EL ALTO USA 750ml | F65: 10100 | G65: 144228 | H65: 45943 | I65: 46021 | J65: PO 4510829937 | K65: =CONCAT(B65,C65) -> 140204944010
A66: UNIPACK, S-A- DE C-V- | B66: 1402049443 | C66: 10 | D66: 10308826 | E66: Estuche The Coffee Cup | F66: 1000 | G66: 4620 | H66: 45943 | I66: 45992 | J66: 4101000774 | K66: =CONCAT(B66,C66) -> 140204944310
A67: ANEJOS DE ALTURA, S-A- | B67: 1402049459 | C67: 10 | D67: 10341894 | E67: 16007447 IBC RZC XO 750ML USA RED B/B | F67: 6000 | G67: 55200 | H67: 45946 | I67: 45996 | J67: OC 4100470443 | K67: =CONCAT(B67,C67) -> 140204945910
A68: ANEJOS DE ALTURA, S-A- | B68: 1402049512 | C68: 10 | D68: 10341894 | E68: 16007447 IBC RZC XO 750ML USA RED B/B | F68: 6000 | G68: 55200 | H68: 45959 | I68: 45959 | J68: PO 4100471059 | K68: =CONCAT(B68,C68) -> 140204951210
A69: UNIPACK, S-A- DE C-V- | B69: 1402049569 | C69: 10 | D69: 10342542 | E69: ESTUCHE RON DE AUTOR | F69: 7500 | G69: 29700 | H69: 45978 | I69: 45999 | J69: 41 | K69: =CONCAT(B69,C69) -> 140204956910
A70: ANEJOS DE ALTURA, S.A. | B70: 1402049552 | C70: 10 | D70: 10318295 | E70: 16006285 CANISTER RZC EN 750ML USA 2021 | F70: 5904 | G70: 15645.6 | H70: 45974 | I70: 46001 | J70: PO 4100472321 | K70: =CONCAT(B70,C70) -> 140204955210
A71: JOYERIA GARZON, S.A. | B71: 1402049559 | C71: 10 | D71: 10331823 | E71: Bolsa Joyeria Garzon 4.75"X3.5"X6" | F71: 2000 | G71: 1600 | H71: 45975 | I71: 46036 | J71: Bolsas Joyería Garzón - Alicia | K71: =CONCAT(B71,C71) -> 140204955910
A72: BUFKOR INC. | B72: 1402049562 | C72: 10 | D72: 10321977 | E72: BOLSA NAIFEH JEWELRY 8"X4"X10" | F72: 2000 | G72: 2016 | H72: 45975 | I72: 46010 | J72: 1301044093-Doc | K72: =CONCAT(B72,C72) -> 140204956210
A73: BUFKOR INC. | B73: 1402049563 | C73: 10 | D73: 10282640 | E73: Bls Jewelry Design Center 6.5"x3.5"x6.5" | F73: 3000 | G73: 2208 | H73: 45975 | I73: 46010 | J73: 1301044927-DOC | K73: =CONCAT(B73,C73) -> 140204956310
A74: BUFKOR INC. | B74: 1402049563 | C74: 20 | D74: 10282657 | E74: Bls Jewelry Design Center 12"x5"x9" | F74: 1500 | G74: 2772 | H74: 45975 | I74: 46010 | J74: 1301044927-DOC | K74: =CONCAT(B74,C74) -> 140204956320
A75: Sileo Timeless Jewelry SAS | B75: 1402049568 | C75: 10 | D75: 10342401 | E75: BOLSA SILEO 10X4X8 IN | F75: 2000 | G75: 3960 | H75: 45978 | I75: 46038 | J75: HT 811101 | K75: =CONCAT(B75,C75) -> 140204956810
A76: SIGMAQ MEXICO S.A DE C.V | B76: 1402049570 | C76: 10 | D76: 10342419 | E76: BARBARA MADERO 160X100X140 MM | F76: 1500 | G76: 2625 | H76: 45978 | I76: 46038 | J76: HT 811078 | K76: =CONCAT(B76,C76) -> 140204957010
A77: UNIPACK, S.A. DE C.V. | B77: 1402049582 | C77: 10 | D77: 10333118 | E77: Bolsa Casa de Oro 4.5"x2.375"x5.75" Est | F77: 1500 | G77: 1065 | H77: 45980 | I77: 46038 | J77: Bolsas CDO - Alicia | K77: =CONCAT(B77,C77) -> 140204958210
A78: UNIPACK, S.A. DE C.V. | B78: 1402049582 | C78: 20 | D78: 10333119 | E78: Bolsa Casa de Oro 7"x4"x8" Est | F78: 1500 | G78: 1260 | H78: 45980 | I78: 46038 | J78: Bolsas CDO - Alicia | K78: =CONCAT(B78,C78) -> 140204958220
A79: DISTRIBUIDORA CORRIPIO, S.A.S. | B79: 1402049590 | C79: 10 | D79: 10342561 | E79: BOLSA PIRULETA 20 X 6 X16 IN FL | F79: 2000 | G79: 6940 | H79: 45981 | I79: 46035 | J79: Bolsas Distribuidora Corripio | K79: =CONCAT(B79,C79) -> 140204959010
A80: DISTRIBUIDORA CORRIPIO, S.A.S. | B80: 1402049590 | C80: 20 | D80: 10342560 | E80: BOLSA PIRULETA 16 X 5 X 14 IN FL | F80: 5000 | G80: 11600 | H80: 45981 | I80: 46035 | J80: Bolsas Distribuidora Corripio | K80: =CONCAT(B80,C80) -> 140204959020
A81: DISTRIBUIDORA CORRIPIO, S.A.S. | B81: 1402049590 | C81: 30 | D81: 10342555 | E81: BOLSA PIRULETA 13x5x10IN FL | F81: 7000 | G81: 10920 | H81: 45981 | I81: 46035 | J81: Bolsas Distribuidora Corripio | K81: =CONCAT(B81,C81) -> 140204959030

Sheet MASTER PLAN
A1: DIVISION | B1: CUSTOMER | C1: DESTINATION | D1: RSM | E1: PM | F1: PRODUCT | G1: PO | H1: POSITION | I1: MATERIAL | J1: PROJECT | K1: QTY | L1: TOTAL | M1: $/UND | N1: % OVER | O1: QTY + OVER | P1: ORDEN | Q1: ORDER DATE | R1: PO DATE | S1: REQ DATE | T1: SOLPED | U1: INITIAL ETD | V1: CURRENT EDT | W1: COMMENT | X1: STATUS | Y1: LEADTIME | Z1: REMARK | AA1: FCST | AB1: PO_ID
A2: =IF(B2="BUFKOR INC.","BUFKOR",IF(B2="CHIPPENHOOK","CHIPPENHOOK","SPECIALTY")) -> SPECIALTY | B2: {=IFERROR(XLOOKUP(G2&H2,SAP!K:K,SAP!A:A,0,0),"")} -> BUFKOR INC- | C2: =IFERROR(IF(OR('MASTER PLAN'!$B$2:$B$81="CHIPPENHOOK",'MASTER PLAN'!$B$2:$B$81="BUFKOR INC."),"USA",IF('MASTER PLAN'!$B$2:$B$81="SIGMAQ MEXICO S.A DE C.V","MX","SP")),"") -> SP | D2: RODNEY LLOYD | E2: =IFERROR(VLOOKUP(D2,REFERENCIAS!A:B,2,0),"") -> KENEDY TOBAR | F2: BOLSAS | G2: 1402048632 | H2: 10 | I2: {=IFERROR(XLOOKUP(G2&H2,SAP!K:K,SAP!D:D,0,0),"")} -> 10334816 | J2: {=UPPER(XLOOKUP(G2&H2,SAP!K:K,SAP!E:E,0,0))} -> BOLSA ROGERS ENTERPRISES 10"X4"X7-75" | K2: {=IFERROR(XLOOKUP(G2&H2,SAP!K:K,SAP!F:F,0,0),"")} -> 17500 | L2: {=IFERROR(XLOOKUP(G2&H2,SAP!K:K,SAP!G:G,0,0),"")} -> 18620 | M2: =IFERROR(L2/K2,0) -> 1.064 | N2: 0.2 | O2: =IFERROR(K2*(1+N2),0) -> 21000 | P2: 3316830 | Q2: 45835 | R2: {=IFERROR(XLOOKUP(G2&H2,SAP!K:K,SAP!H:H,0,0),"")} -> 45771 | S2: {=IFERROR(XLOOKUP(G2&H2,SAP!K:K,SAP!I:I,0,0),"")} -> 45838 | T2: 3000106444 | U2: 46038 | W2: ETA 24-Nov | X2: =IF(OR(U2<>0,V2<>0),"SCHEDULE","PENDING") -> SCHEDULE | Y2: =IF(U2<>0,IF(V2<>0,(V2-R2)/7,(U2-R2)/7),"") -> 38.142857 | Z2: =IF(Y2="","",IF(F2="BOLSAS",IF(Y2<=6,"IN TIME","DELAYED"),IF(F2="CAJAS",IF(Y2<=8,"IN TIME","DELAYED"),IF(Y2<=6,"IN TIME","DELAYED")))) -> DELAYED | AA2: =IF(AND(ISBLANK(U2),ISBLANK(V2)),"",IF(ISBLANK(V2),U2,V2)) -> 46038 | AB2: =CONCAT(G2,H2) -> 140204863210
A3: =IF(B3="BUFKOR INC.","BUFKOR",IF(B3="CHIPPENHOOK","CHIPPENHOOK","SPECIALTY")) -> SPECIALTY | B3: {=IFERROR(XLOOKUP(G3&H3,SAP!K:K,SAP!A:A,0,0),"")} -> BUFKOR INC- | C3: =IFERROR(IF(OR('MASTER PLAN'!$B$2:$B$81="CHIPPENHOOK",'MASTER PLAN'!$B$2:$B$81="BUFKOR INC."),"USA",IF('MASTER PLAN'!$B$2:$B$81="SIGMAQ MEXICO S.A DE C.V","MX","SP")),"") -> SP | D3: RODNEY LLOYD | E3: =IFERROR(VLOOKUP(D3,REFERENCIAS!A:B,2,0),"") -> KENEDY TOBAR | F3: BOLSAS | G3: 1402048797 | H3: 10 | I3: {=IFERROR(XLOOKUP(G3&H3,SAP!K:K,SAP!D:D,0,0),"")} -> 10335265 | J3: {=UPPER(XLOOKUP(G3&H3,SAP!K:K,SAP!E:E,0,0))} -> BOLSA MAUI DIVERS 8"X5"X8" | K3: {=IFERROR(XLOOKUP(G3&H3,SAP!K:K,SAP!F:F,0,0),"")} -> 1280 | L3: {=IFERROR(XLOOKUP(G3&H3,SAP!K:K,SAP!G:G,0,0),"")} -> 1730.56 | M3: =IFERROR(L3/K3,0) -> 1.352 | N3: 0.2 | O3: =IFERROR(K3*(1+N3),0) -> 1536 | P3: 3321183 | Q3: 45835 | R3: {=IFERROR(XLOOKUP(G3&H3,SAP!K:K,SAP!H:H,0,0),"")} -> 45806 | S3: {=IFERROR(XLOOKUP(G3&H3,SAP!K:K,SAP!I:I,0,0),"")} -> 45849 | U3: 45978 | X3: =IF(OR(U3<>0,V3<>0),"SCHEDULE","PENDING") -> SCHEDULE | Y3: =IF(U3<>0,IF(V3<>0,(V3-R3)/7,(U3-R3)/7),"") -> 24.571429 | Z3: =IF(Y3="","",IF(F3="BOLSAS",IF(Y3<=6,"IN TIME","DELAYED"),IF(F3="CAJAS",IF(Y3<=8,"IN TIME","DELAYED"),IF(Y3<=6,"IN TIME","DELAYED")))) -> DELAYED | AA3: =IF(AND(ISBLANK(U3),ISBLANK(V3)),"",IF(ISBLANK(V3),U3,V3)) -> 45978 | AB3: =CONCAT(G3,H3) -> 140204879710
A4: =IF(B4="BUFKOR INC.","BUFKOR",IF(B4="CHIPPENHOOK","CHIPPENHOOK","SPECIALTY")) -> CHIPPENHOOK | B4: {=IFERROR(XLOOKUP(G4&H4,SAP!K:K,SAP!A:A,0,0),"")} -> CHIPPENHOOK | C4: =IFERROR(IF(OR('MASTER PLAN'!$B$2:$B$81="CHIPPENHOOK",'MASTER PLAN'!$B$2:$B$81="BUFKOR INC."),"USA",IF('MASTER PLAN'!$B$2:$B$81="SIGMAQ MEXICO S.A DE C.V","MX","SP")),"") -> USA | D4: PAUL POMROY | E4: =IFERROR(VLOOKUP(D4,REFERENCIAS!A:B,2,0),"") -> SANTOS CORNEJO | F4: BOLSAS | G4: 1402048824 | H4: 10 | I4: {=IFERROR(XLOOKUP(G4&H4,SAP!K:K,SAP!D:D,0,0),"")} -> 10332711 | J4: {=UPPER(XLOOKUP(G4&H4,SAP!K:K,SAP!E:E,0,0))} -> BOLSA FRED MEYER 4-5"X3"X5-5" | K4: {=IFERROR(XLOOKUP(G4&H4,SAP!K:K,SAP!F:F,0,0),"")} -> 16704 | L4: {=IFERROR(XLOOKUP(G4&H4,SAP!K:K,SAP!G:G,0,0),"")} -> 5178.24 | M4: =IFERROR(L4/K4,0) -> 0.31 | N4: 0.2 | O4: =IFERROR(K4*(1+N4),0) -> 20044.8 | P4: 3323155 | Q4: 45835 | R4: {=IFERROR(XLOOKUP(G4&H4,SAP!K:K,SAP!H:H,0,0),"")} -> 45814 | S4: {=IFERROR(XLOOKUP(G4&H4,SAP!K:K,SAP!I:I,0,0),"")} -> 45877 | U4: 45946 | X4: =IF(OR(U4<>0,V4<>0),"SCHEDULE","PENDING") -> SCHEDULE | Y4: =IF(U4<>0,IF(V4<>0,(V4-R4)/7,(U4-R4)/7),"") -> 18.857143 | Z4: =IF(Y4="","",IF(F4="BOLSAS",IF(Y4<=6,"IN TIME","DELAYED"),IF(F4="CAJAS",IF(Y4<=8,"IN TIME","DELAYED"),IF(Y4<=6,"IN TIME","DELAYED")))) -> DELAYED | AA4: =IF(AND(ISBLANK(U4),ISBLANK(V4)),"",IF(ISBLANK(V4),U4,V4)) -> 45946 | AB4: =CONCAT(G4,H4) -> 140204882410
A5: =IF(B5="BUFKOR INC.","BUFKOR",IF(B5="CHIPPENHOOK","CHIPPENHOOK","SPECIALTY")) -> CHIPPENHOOK | B5: {=IFERROR(XLOOKUP(G5&H5,SAP!K:K,SAP!A:A,0,0),"")} -> CHIPPENHOOK | C5: =IFERROR(IF(OR('MASTER PLAN'!$B$2:$B$81="CHIPPENHOOK",'MASTER PLAN'!$B$2:$B$81="BUFKOR INC."),"USA",IF('MASTER PLAN'!$B$2:$B$81="SIGMAQ MEXICO S.A DE C.V","MX","SP")),"") -> USA | D5: PAUL POMROY | E5: =IFERROR(VLOOKUP(D5,REFERENCIAS!A:B,2,0),"") -> SANTOS CORNEJO | F5: BOLSAS | G5: 1402048833 | H5: 10 | I5: {=IFERROR(XLOOKUP(G5&H5,SAP!K:K,SAP!D:D,0,0),"")} -> 10332711 | J5: {=UPPER(XLOOKUP(G5&H5,SAP!K:K,SAP!E:E,0,0))} -> BOLSA FRED MEYER 4-5"X3"X5-5" | K5: {=IFERROR(XLOOKUP(G5&H5,SAP!K:K,SAP!F:F,0,0),"")} -> 54180 | L5: {=IFERROR(XLOOKUP(G5&H5,SAP!K:K,SAP!G:G,0,0),"")} -> 27509.4 | M5: =IFERROR(L5/K5,0) -> 0.50774086 | N5: 0.1 | O5: =IFERROR(K5*(1+N5),0) -> 59598 | P5: 3326351 | Q5: 45845 | R5: {=IFERROR(XLOOKUP(G5&H5,SAP!K:K,SAP!H:H,0,0),"")} -> 45814 | S5: {=IFERROR(XLOOKUP(G5&H5,SAP!K:K,SAP!I:I,0,0),"")} -> 45982 | W5: Línea externa Melissa. | X5: =IF(OR(U5<>0,V5<>0),"SCHEDULE","PENDING") -> PENDING | Y5: =IF(U5<>0,IF(V5<>0,(V5-R5)/7,(U5-R5)/7),"") | Z5: =IF(Y5="","",IF(F5="BOLSAS",IF(Y5<=6,"IN TIME","DELAYED"),IF(F5="CAJAS",IF(Y5<=8,"IN TIME","DELAYED"),IF(Y5<=6,"IN TIME","DELAYED")))) | AA5: =IF(AND(ISBLANK(U5),ISBLANK(V5)),"",IF(ISBLANK(V5),U5,V5)) | AB5: =CONCAT(G5,H5) -> 140204883310
A6: =IF(B6="BUFKOR INC.","BUFKOR",IF(B6="CHIPPENHOOK","CHIPPENHOOK","SPECIALTY")) -> CHIPPENHOOK | B6: {=IFERROR(XLOOKUP(G6&H6,SAP!K:K,SAP!A:A,0,0),"")} -> CHIPPENHOOK | C6: =IFERROR(IF(OR('MASTER PLAN'!$B$2:$B$81="CHIPPENHOOK",'MASTER PLAN'!$B$2:$B$81="BUFKOR INC."),"USA",IF('MASTER PLAN'!$B$2:$B$81="SIGMAQ MEXICO S.A DE C.V","MX","SP")),"") -> USA | D6: PAUL POMROY | E6: =IFERROR(VLOOKUP(D6,REFERENCIAS!A:B,2,0),"") -> SANTOS CORNEJO | F6: BOLSAS | G6: 1402048833 | H6: 20 | I6: {=IFERROR(XLOOKUP(G6&H6,SAP!K:K,SAP!D:D,0,0),"")} -> 10332712 | J6: {=UPPER(XLOOKUP(G6&H6,SAP!K:K,SAP!E:E,0,0))} -> BOLSA FRED MEYER 10"X4"X8" | K6: {=IFERROR(XLOOKUP(G6&H6,SAP!K:K,SAP!F:F,0,0),"")} -> 6240 | L6: {=IFERROR(XLOOKUP(G6&H6,SAP!K:K,SAP!G:G,0,0),"")} -> 3931.2 | M6: =IFERROR(L6/K6,0) -> 0.63 | N6: 0.1 | O6: =IFERROR(K6*(1+N6),0) -> 6864 | P6: 3326351 | Q6: 45845 | R6: {=IFERROR(XLOOKUP(G6&H6,SAP!K:K,SAP!H:H,0,0),"")} -> 45814 | S6: {=IFERROR(XLOOKUP(G6&H6,SAP!K:K,SAP!I:I,0,0),"")} -> 45982 | U6: 45974 | X6: =IF(OR(U6<>0,V6<>0),"SCHEDULE","PENDING") -> SCHEDULE | Y6: =IF(U6<>0,IF(V6<>0,(V6-R6)/7,(U6-R6)/7),"") -> 22.857143 | Z6: =IF(Y6="","",IF(F6="BOLSAS",IF(Y6<=6,"IN TIME","DELAYED"),IF(F6="CAJAS",IF(Y6<=8,"IN TIME","DELAYED"),IF(Y6<=6,"IN TIME","DELAYED")))) -> DELAYED | AA6: =IF(AND(ISBLANK(U6),ISBLANK(V6)),"",IF(ISBLANK(V6),U6,V6)) -> 45974 | AB6: =CONCAT(G6,H6) -> 140204883320
A7: =IF(B7="BUFKOR INC.","BUFKOR",IF(B7="CHIPPENHOOK","CHIPPENHOOK","SPECIALTY")) -> SPECIALTY | B7: {=IFERROR(XLOOKUP(G7&H7,SAP!K:K,SAP!A:A,0,0),"")} -> BUFKOR INC- | C7: =IFERROR(IF(OR('MASTER PLAN'!$B$2:$B$81="CHIPPENHOOK",'MASTER PLAN'!$B$2:$B$81="BUFKOR INC."),"USA",IF('MASTER PLAN'!$B$2:$B$81="SIGMAQ MEXICO S.A DE C.V","MX","SP")),"") -> SP | D7: JENNIFER BEAGLE | E7: =IFERROR(VLOOKUP(D7,REFERENCIAS!A:B,2,0),"") -> JAVIER MOLINA | F7: BOLSAS | G7: 1402049194 | H7: 10 | I7: {=IFERROR(XLOOKUP(G7&H7,SAP!K:K,SAP!D:D,0,0),"")} -> 10330512 | J7: {=UPPER(XLOOKUP(G7&H7,SAP!K:K,SAP!E:E,0,0))} -> BOLSA ALMAGEN CORP 8"X4"X10" | K7: {=IFERROR(XLOOKUP(G7&H7,SAP!K:K,SAP!F:F,0,0),"")} -> 2000 | L7: {=IFERROR(XLOOKUP(G7&H7,SAP!K:K,SAP!G:G,0,0),"")} -> 5856 | M7: =IFERROR(L7/K7,0) -> 2.928 | N7: 0.2 | O7: =IFERROR(K7*(1+N7),0) -> 2400 | P7: 3337498 | Q7: 45903 | R7: {=IFERROR(XLOOKUP(G7&H7,SAP!K:K,SAP!H:H,0,0),"")} -> 45923 | S7: {=IFERROR(XLOOKUP(G7&H7,SAP!K:K,SAP!I:I,0,0),"")} -> 45931 | U7: 45986 | X7: =IF(OR(U7<>0,V7<>0),"SCHEDULE","PENDING") -> SCHEDULE | Y7: =IF(U7<>0,IF(V7<>0,(V7-R7)/7,(U7-R7)/7),"") -> 9 | Z7: =IF(Y7="","",IF(F7="BOLSAS",IF(Y7<=6,"IN TIME","DELAYED"),IF(F7="CAJAS",IF(Y7<=8,"IN TIME","DELAYED"),IF(Y7<=6,"IN TIME","DELAYED")))) -> DELAYED | AA7: =IF(AND(ISBLANK(U7),ISBLANK(V7)),"",IF(ISBLANK(V7),U7,V7)) -> 45986 | AB7: =CONCAT(G7,H7) -> 140204919410
A8: =IF(B8="BUFKOR INC.","BUFKOR",IF(B8="CHIPPENHOOK","CHIPPENHOOK","SPECIALTY")) -> SPECIALTY | B8: {=IFERROR(XLOOKUP(G8&H8,SAP!K:K,SAP!A:A,0,0),"")} -> BUFKOR INC- | C8: =IFERROR(IF(OR('MASTER PLAN'!$B$2:$B$81="CHIPPENHOOK",'MASTER PLAN'!$B$2:$B$81="BUFKOR INC."),"USA",IF('MASTER PLAN'!$B$2:$B$81="SIGMAQ MEXICO S.A DE C.V","MX","SP")),"") -> SP | D8: SAM JONHSTON | E8: =IFERROR(VLOOKUP(D8,REFERENCIAS!A:B,2,0),"") -> ASHLY MERINO | F8: BOLSAS | G8: 1402049207 | H8: 10 | I8: {=IFERROR(XLOOKUP(G8&H8,SAP!K:K,SAP!D:D,0,0),"")} -> 10271087 | J8: {=UPPER(XLOOKUP(G8&H8,SAP!K:K,SAP!E:E,0,0))} -> BOLSA FINKS JEWELERS 6-5"X3-5"X6-5" | K8: {=IFERROR(XLOOKUP(G8&H8,SAP!K:K,SAP!F:F,0,0),"")} -> 9000 | L8: {=IFERROR(XLOOKUP(G8&H8,SAP!K:K,SAP!G:G,0,0),"")} -> 5040 | M8: =IFERROR(L8/K8,0) -> 0.56 | N8: 0.2 | O8: =IFERROR(K8*(1+N8),0) -> 10800 | P8: 3336254 | Q8: 45896 | R8: {=IFERROR(XLOOKUP(G8&H8,SAP!K:K,SAP!H:H,0,0),"")} -> 45923 | S8: {=IFERROR(XLOOKUP(G8&H8,SAP!K:K,SAP!I:I,0,0),"")} -> 45894 | U8: 45993 | X8: =IF(OR(U8<>0,V8<>0),"SCHEDULE","PENDING") -> SCHEDULE | Y8: =IF(U8<>0,IF(V8<>0,(V8-R8)/7,(U8-R8)/7),"") -> 10 | Z8: =IF(Y8="","",IF(F8="BOLSAS",IF(Y8<=6,"IN TIME","DELAYED"),IF(F8="CAJAS",IF(Y8<=8,"IN TIME","DELAYED"),IF(Y8<=6,"IN TIME","DELAYED")))) -> DELAYED | AA8: =IF(AND(ISBLANK(U8),ISBLANK(V8)),"",IF(ISBLANK(V8),U8,V8)) -> 45993 | AB8: =CONCAT(G8,H8) -> 140204920710
A9: =IF(B9="BUFKOR INC.","BUFKOR",IF(B9="CHIPPENHOOK","CHIPPENHOOK","SPECIALTY")) -> SPECIALTY | B9: {=IFERROR(XLOOKUP(G9&H9,SAP!K:K,SAP!A:A,0,0),"")} -> BUFKOR INC- | C9: =IFERROR(IF(OR('MASTER PLAN'!$B$2:$B$81="CHIPPENHOOK",'MASTER PLAN'!$B$2:$B$81="BUFKOR INC."),"USA",IF('MASTER PLAN'!$B$2:$B$81="SIGMAQ MEXICO S.A DE C.V","MX","SP")),"") -> SP | D9: SAM JONHSTON | E9: =IFERROR(VLOOKUP(D9,REFERENCIAS!A:B,2,0),"") -> ASHLY MERINO | F9: BOLSAS | G9: 1402049437 | H9: 10 | I9: {=IFERROR(XLOOKUP(G9&H9,SAP!K:K,SAP!D:D,0,0),"")} -> 10276560 | J9: {=UPPER(XLOOKUP(G9&H9,SAP!K:K,SAP!E:E,0,0))} -> BOLSA FINKS JWLS 10X5X10" | K9: {=IFERROR(XLOOKUP(G9&H9,SAP!K:K,SAP!F:F,0,0),"")} -> 3000 | L9: {=IFERROR(XLOOKUP(G9&H9,SAP!K:K,SAP!G:G,0,0),"")} -> 3528 | M9: =IFERROR(L9/K9,0) -> 1.176 | N9: 0.2 | O9: =IFERROR(K9*(1+N9),0) -> 3600 | P9: 3351135 | Q9: 45968 | R9: {=IFERROR(XLOOKUP(G9&H9,SAP!K:K,SAP!H:H,0,0),"")} -> 45940 | S9: {=IFERROR(XLOOKUP(G9&H9,SAP!K:K,SAP!I:I,0,0),"")} -> 45999 | T9: 3000117203 | W9: Línea externa Melissa. Sale PT de P3 el 15-Dic. | X9: =IF(OR(U9<>0,V9<>0),"SCHEDULE","PENDING") -> PENDING | Y9: =IF(U9<>0,IF(V9<>0,(V9-R9)/7,(U9-R9)/7),"") | Z9: =IF(Y9="","",IF(F9="BOLSAS",IF(Y9<=6,"IN TIME","DELAYED"),IF(F9="CAJAS",IF(Y9<=8,"IN TIME","DELAYED"),IF(Y9<=6,"IN TIME","DELAYED")))) | AA9: =IF(AND(ISBLANK(U9),ISBLANK(V9)),"",IF(ISBLANK(V9),U9,V9)) | AB9: =CONCAT(G9,H9) -> 140204943710
A10: =IF(B10="BUFKOR INC.","BUFKOR",IF(B10="CHIPPENHOOK","CHIPPENHOOK","SPECIALTY")) -> SPECIALTY | B10: {=IFERROR(XLOOKUP(G10&H10,SAP!K:K,SAP!A:A,0,0),"")} -> BUFKOR INC- | C10: =IFERROR(IF(OR('MASTER PLAN'!$B$2:$B$81="CHIPPENHOOK",'MASTER PLAN'!$B$2:$B$81="BUFKOR INC."),"USA",IF('MASTER PLAN'!$B$2:$B$81="SIGMAQ MEXICO S.A DE C.V","MX","SP")),"") -> SP | D10: SAM JONHSTON | E10: =IFERROR(VLOOKUP(D10,REFERENCIAS!A:B,2,0),"") -> ASHLY MERINO | F10: BOLSAS | G10: 1402049207 | H10: 20 | I10: {=IFERROR(XLOOKUP(G10&H10,SAP!K:K,SAP!D:D,0,0),"")} -> 10271097 | J10: {=UPPER(XLOOKUP(G10&H10,SAP!K:K,SAP!E:E,0,0))} -> BOLSA FINKS JEWELERS 7"X5"X9" | K10: {=IFERROR(XLOOKUP(G10&H10,SAP!K:K,SAP!F:F,0,0),"")} -> 12000 | L10: {=IFERROR(XLOOKUP(G10&H10,SAP!K:K,SAP!G:G,0,0),"")} -> 8736 | M10: =IFERROR(L10/K10,0) -> 0.728 | N10: 0.2 | O10: =IFERROR(K10*(1+N10),0) -> 14400 | P10: 3336254 | Q10: 45896 | R10: {=IFERROR(XLOOKUP(G10&H10,SAP!K:K,SAP!H:H,0,0),"")} -> 45923 | S10: {=IFERROR(XLOOKUP(G10&H10,SAP!K:K,SAP!I:I,0,0),"")} -> 45894 | U10: 46000 | W10: Línea Externa Melissa 7,500 unidades. | X10: =IF(OR(U10<>0,V10<>0),"SCHEDULE","PENDING") -> SCHEDULE | Y10: =IF(U10<>0,IF(V10<>0,(V10-R10)/7,(U10-R10)/7),"") -> 11 | Z10: =IF(Y10="","",IF(F10="BOLSAS",IF(Y10<=6,"IN TIME","DELAYED"),IF(F10="CAJAS",IF(Y10<=8,"IN TIME","DELAYED"),IF(Y10<=6,"IN TIME","DELAYED")))) -> DELAYED | AA10: =IF(AND(ISBLANK(U10),ISBLANK(V10)),"",IF(ISBLANK(V10),U10,V10)) -> 46000 | AB10: =CONCAT(G10,H10) -> 140204920720
A11: =IF(B11="BUFKOR INC.","BUFKOR",IF(B11="CHIPPENHOOK","CHIPPENHOOK","SPECIALTY")) -> SPECIALTY | B11: {=IFERROR(XLOOKUP(G11&H11,SAP!K:K,SAP!A:A,0,0),"")} -> BUFKOR INC- | C11: =IFERROR(IF(OR('MASTER PLAN'!$B$2:$B$81="CHIPPENHOOK",'MASTER PLAN'!$B$2:$B$81="BUFKOR INC."),"USA",IF('MASTER PLAN'!$B$2:$B$81="SIGMAQ MEXICO S.A DE C.V","MX","SP")),"") -> SP | D11: RODNEY LLOYD | E11: =IFERROR(VLOOKUP(D11,REFERENCIAS!A:B,2,0),"") -> KENEDY TOBAR | F11: BOLSAS | G11: 1402049238 | H11: 10 | I11: {=IFERROR(XLOOKUP(G11&H11,SAP!K:K,SAP!D:D,0,0),"")} -> 10335266 | J11: {=UPPER(XLOOKUP(G11&H11,SAP!K:K,SAP!E:E,0,0))} -> BOLSA MAUI DIVERS 10"X6"X10" | K11: {=IFERROR(XLOOKUP(G11&H11,SAP!K:K,SAP!F:F,0,0),"")} -> 3040 | L11: {=IFERROR(XLOOKUP(G11&H11,SAP!K:K,SAP!G:G,0,0),"")} -> 5496.32 | M11: =IFERROR(L11/K11,0) -> 1.808 | N11: 0.2 | O11: =IFERROR(K11*(1+N11),0) -> 3648 | P11: 3341642 | Q11: 45922 | R11: {=IFERROR(XLOOKUP(G11&H11,SAP!K:K,SAP!H:H,0,0),"")} -> 45918 | S11: {=IFERROR(XLOOKUP(G11&H11,SAP!K:K,SAP!I:I,0,0),"")} -> 45960 | U11: 45973 | X11: =IF(OR(U11<>0,V11<>0),"SCHEDULE","PENDING") -> SCHEDULE | Y11: =IF(U11<>0,IF(V11<>0,(V11-R11)/7,(U11-R11)/7),"") -> 7.8571429 | Z11: =IF(Y11="","",IF(F11="BOLSAS",IF(Y11<=6,"IN TIME","DELAYED"),IF(F11="CAJAS",IF(Y11<=8,"IN TIME","DELAYED"),IF(Y11<=6,"IN TIME","DELAYED")))) -> DELAYED | AA11: =IF(AND(ISBLANK(U11),ISBLANK(V11)),"",IF(ISBLANK(V11),U11,V11)) -> 45973 | AB11: =CONCAT(G11,H11) -> 140204923810
A12: =IF(B12="BUFKOR INC.","BUFKOR",IF(B12="CHIPPENHOOK","CHIPPENHOOK","SPECIALTY")) -> SPECIALTY | B12: {=IFERROR(XLOOKUP(G12&H12,SAP!K:K,SAP!A:A,0,0),"")} -> BUFKOR INC- | C12: =IFERROR(IF(OR('MASTER PLAN'!$B$2:$B$81="CHIPPENHOOK",'MASTER PLAN'!$B$2:$B$81="BUFKOR INC."),"USA",IF('MASTER PLAN'!$B$2:$B$81="SIGMAQ MEXICO S.A DE C.V","MX","SP")),"") -> SP | D12: ENOC MADRIL | E12: =IFERROR(VLOOKUP(D12,REFERENCIAS!A:B,2,0),"") -> REYNALDO CARRANZA | F12: BOLSAS | G12: 1402049263 | H12: 10 | I12: {=IFERROR(XLOOKUP(G12&H12,SAP!K:K,SAP!D:D,0,0),"")} -> 10269533 | J12: {=UPPER(XLOOKUP(G12&H12,SAP!K:K,SAP!E:E,0,0))} -> FOLDER GOLD CASTER LAWRENCE | K12: {=IFERROR(XLOOKUP(G12&H12,SAP!K:K,SAP!F:F,0,0),"")} -> 3000 | L12: {=IFERROR(XLOOKUP(G12&H12,SAP!K:K,SAP!G:G,0,0),"")} -> 2415 | M12: =IFERROR(L12/K12,0) -> 0.805 | N12: 0.2 | O12: =IFERROR(K12*(1+N12),0) -> 3600 | P12: 3341644 | Q12: 45922 | R12: {=IFERROR(XLOOKUP(G12&H12,SAP!K:K,SAP!H:H,0,0),"")} -> 45918 | S12: {=IFERROR(XLOOKUP(G12&H12,SAP!K:K,SAP!I:I,0,0),"")} -> 45961 | U12: 46000 | W12: Falta programar 1,000 unidades. | X12: =IF(OR(U12<>0,V12<>0),"SCHEDULE","PENDING") -> SCHEDULE | Y12: =IF(U12<>0,IF(V12<>0,(V12-R12)/7,(U12-R12)/7),"") -> 11.714286 | Z12: =IF(Y12="","",IF(F12="BOLSAS",IF(Y12<=6,"IN TIME","DELAYED"),IF(F12="CAJAS",IF(Y12<=8,"IN TIME","DELAYED"),IF(Y12<=6,"IN TIME","DELAYED")))) -> DELAYED | AA12: =IF(AND(ISBLANK(U12),ISBLANK(V12)),"",IF(ISBLANK(V12),U12,V12)) -> 46000 | AB12: =CONCAT(G12,H12) -> 140204926310
A13: =IF(B13="BUFKOR INC.","BUFKOR",IF(B13="CHIPPENHOOK","CHIPPENHOOK","SPECIALTY")) -> SPECIALTY | B13: {=IFERROR(XLOOKUP(G13&H13,SAP!K:K,SAP!A:A,0,0),"")} -> BUFKOR INC- | C13: =IFERROR(IF(OR('MASTER PLAN'!$B$2:$B$81="CHIPPENHOOK",'MASTER PLAN'!$B$2:$B$81="BUFKOR INC."),"USA",IF('MASTER PLAN'!$B$2:$B$81="SIGMAQ MEXICO S.A DE C.V","MX","SP")),"") -> SP | D13: LYNDA MORRISON | E13: =IFERROR(VLOOKUP(D13,REFERENCIAS!A:B,2,0),"") -> LIGIA MONRROY | F13: BOLSAS | G13: 1402049277 | H13: 10 | I13: {=IFERROR(XLOOKUP(G13&H13,SAP!K:K,SAP!D:D,0,0),"")} -> 10341337 | J13: {=UPPER(XLOOKUP(G13&H13,SAP!K:K,SAP!E:E,0,0))} -> BOLSA ELEGANCE 8X4X10 IN FL | K13: {=IFERROR(XLOOKUP(G13&H13,SAP!K:K,SAP!F:F,0,0),"")} -> 5000 | L13: {=IFERROR(XLOOKUP(G13&H13,SAP!K:K,SAP!G:G,0,0),"")} -> 5480 | M13: =IFERROR(L13/K13,0) -> 1.096 | N13: 0.2 | O13: =IFERROR(K13*(1+N13),0) -> 6000 | P13: 3341646 | Q13: 45922 | R13: {=IFERROR(XLOOKUP(G13&H13,SAP!K:K,SAP!H:H,0,0),"")} -> 45918 | S13: {=IFERROR(XLOOKUP(G13&H13,SAP!K:K,SAP!I:I,0,0),"")} -> 45940 | U13: 45986 | X13: =IF(OR(U13<>0,V13<>0),"SCHEDULE","PENDING") -> SCHEDULE | Y13: =IF(U13<>0,IF(V13<>0,(V13-R13)/7,(U13-R13)/7),"") -> 9.7142857 | Z13: =IF(Y13="","",IF(F13="BOLSAS",IF(Y13<=6,"IN TIME","DELAYED"),IF(F13="CAJAS",IF(Y13<=8,"IN TIME","DELAYED"),IF(Y13<=6,"IN TIME","DELAYED")))) -> DELAYED | AA13: =IF(AND(ISBLANK(U13),ISBLANK(V13)),"",IF(ISBLANK(V13),U13,V13)) -> 45986 | AB13: =CONCAT(G13,H13) -> 140204927710
A14: =IF(B14="BUFKOR INC.","BUFKOR",IF(B14="CHIPPENHOOK","CHIPPENHOOK","SPECIALTY")) -> SPECIALTY | B14: {=IFERROR(XLOOKUP(G14&H14,SAP!K:K,SAP!A:A,0,0),"")} -> BUFKOR INC- | C14: =IFERROR(IF(OR('MASTER PLAN'!$B$2:$B$81="CHIPPENHOOK",'MASTER PLAN'!$B$2:$B$81="BUFKOR INC."),"USA",IF('MASTER PLAN'!$B$2:$B$81="SIGMAQ MEXICO S.A DE C.V","MX","SP")),"") -> SP | D14: LYNDA MORRISON | E14: =IFERROR(VLOOKUP(D14,REFERENCIAS!A:B,2,0),"") -> LIGIA MONRROY | F14: BOLSAS | G14: 1402049277 | H14: 20 | I14: {=IFERROR(XLOOKUP(G14&H14,SAP!K:K,SAP!D:D,0,0),"")} -> 10341336 | J14: {=UPPER(XLOOKUP(G14&H14,SAP!K:K,SAP!E:E,0,0))} -> BOLSA ELEGANCE 6-5X3-5X6-5 IN FL | K14: {=IFERROR(XLOOKUP(G14&H14,SAP!K:K,SAP!F:F,0,0),"")} -> 5000 | L14: {=IFERROR(XLOOKUP(G14&H14,SAP!K:K,SAP!G:G,0,0),"")} -> 4440 | M14: =IFERROR(L14/K14,0) -> 0.888 | N14: 0.2 | O14: =IFERROR(K14*(1+N14),0) -> 6000 | P14: 3341647 | Q14: 45922 | R14: {=IFERROR(XLOOKUP(G14&H14,SAP!K:K,SAP!H:H,0,0),"")} -> 45918 | S14: {=IFERROR(XLOOKUP(G14&H14,SAP!K:K,SAP!I:I,0,0),"")} -> 45940 | U14: 45986 | W14: Se despacharon 600 unidades aéreas. | X14: =IF(OR(U14<>0,V14<>0),"SCHEDULE","PENDING") -> SCHEDULE | Y14: =IF(U14<>0,IF(V14<>0,(V14-R14)/7,(U14-R14)/7),"") -> 9.7142857 | Z14: =IF(Y14="","",IF(F14="BOLSAS",IF(Y14<=6,"IN TIME","DELAYED"),IF(F14="CAJAS",IF(Y14<=8,"IN TIME","DELAYED"),IF(Y14<=6,"IN TIME","DELAYED")))) -> DELAYED | AA14: =IF(AND(ISBLANK(U14),ISBLANK(V14)),"",IF(ISBLANK(V14),U14,V14)) -> 45986 | AB14: =CONCAT(G14,H14) -> 140204927720
A15: =IF(B15="BUFKOR INC.","BUFKOR",IF(B15="CHIPPENHOOK","CHIPPENHOOK","SPECIALTY")) -> SPECIALTY | B15: {=IFERROR(XLOOKUP(G15&H15,SAP!K:K,SAP!A:A,0,0),"")} -> BUFKOR INC- | C15: =IFERROR(IF(OR('MASTER PLAN'!$B$2:$B$81="CHIPPENHOOK",'MASTER PLAN'!$B$2:$B$81="BUFKOR INC."),"USA",IF('MASTER PLAN'!$B$2:$B$81="SIGMAQ MEXICO S.A DE C.V","MX","SP")),"") -> SP | D15: LYNDA MORRISON | E15: =IFERROR(VLOOKUP(D15,REFERENCIAS!A:B,2,0),"") -> LIGIA MONRROY | F15: BOLSAS | G15: 1402049277 | H15: 30 | I15: {=IFERROR(XLOOKUP(G15&H15,SAP!K:K,SAP!D:D,0,0),"")} -> 10341335 | J15: {=UPPER(XLOOKUP(G15&H15,SAP!K:K,SAP!E:E,0,0))} -> BOLSA ELEGANCE 4-5X2-5X5-75 IN FL | K15: {=IFERROR(XLOOKUP(G15&H15,SAP!K:K,SAP!F:F,0,0),"")} -> 5000 | L15: {=IFERROR(XLOOKUP(G15&H15,SAP!K:K,SAP!G:G,0,0),"")} -> 4080 | M15: =IFERROR(L15/K15,0) -> 0.816 | N15: 0.2 | O15: =IFERROR(K15*(1+N15),0) -> 6000 | P15: 3341648 | Q15: 45922 | R15: {=IFERROR(XLOOKUP(G15&H15,SAP!K:K,SAP!H:H,0,0),"")} -> 45918 | S15: {=IFERROR(XLOOKUP(G15&H15,SAP!K:K,SAP!I:I,0,0),"")} -> 45940 | U15: 45986 | W15: Se despacharon 900 unidades aéreas. | X15: =IF(OR(U15<>0,V15<>0),"SCHEDULE","PENDING") -> SCHEDULE | Y15: =IF(U15<>0,IF(V15<>0,(V15-R15)/7,(U15-R15)/7),"") -> 9.7142857 | Z15: =IF(Y15="","",IF(F15="BOLSAS",IF(Y15<=6,"IN TIME","DELAYED"),IF(F15="CAJAS",IF(Y15<=8,"IN TIME","DELAYED"),IF(Y15<=6,"IN TIME","DELAYED")))) -> DELAYED | AA15: =IF(AND(ISBLANK(U15),ISBLANK(V15)),"",IF(ISBLANK(V15),U15,V15)) -> 45986 | AB15: =CONCAT(G15,H15) -> 140204927730
A16: =IF(B16="BUFKOR INC.","BUFKOR",IF(B16="CHIPPENHOOK","CHIPPENHOOK","SPECIALTY")) -> SPECIALTY | B16: {=IFERROR(XLOOKUP(G16&H16,SAP!K:K,SAP!A:A,0,0),"")} -> BUFKOR INC- | C16: =IFERROR(IF(OR('MASTER PLAN'!$B$2:$B$81="CHIPPENHOOK",'MASTER PLAN'!$B$2:$B$81="BUFKOR INC."),"USA",IF('MASTER PLAN'!$B$2:$B$81="SIGMAQ MEXICO S.A DE C.V","MX","SP")),"") -> SP | D16: LYNDA MORRISON | E16: =IFERROR(VLOOKUP(D16,REFERENCIAS!A:B,2,0),"") -> LIGIA MONRROY | F16: BOLSAS | G16: 1402049277 | H16: 40 | I16: {=IFERROR(XLOOKUP(G16&H16,SAP!K:K,SAP!D:D,0,0),"")} -> 10341338 | J16: {=UPPER(XLOOKUP(G16&H16,SAP!K:K,SAP!E:E,0,0))} -> BOLSA ELEGANCE 12-5X4X14 IN FL | K16: {=IFERROR(XLOOKUP(G16&H16,SAP!K:K,SAP!F:F,0,0),"")} -> 3000 | L16: {=IFERROR(XLOOKUP(G16&H16,SAP!K:K,SAP!G:G,0,0),"")} -> 5496 | M16: =IFERROR(L16/K16,0) -> 1.832 | N16: 0.2 | O16: =IFERROR(K16*(1+N16),0) -> 3600 | P16: 3341650 | Q16: 45922 | R16: {=IFERROR(XLOOKUP(G16&H16,SAP!K:K,SAP!H:H,0,0),"")} -> 45918 | S16: {=IFERROR(XLOOKUP(G16&H16,SAP!K:K,SAP!I:I,0,0),"")} -> 45940 | U16: 45993 | X16: =IF(OR(U16<>0,V16<>0),"SCHEDULE","PENDING") -> SCHEDULE | Y16: =IF(U16<>0,IF(V16<>0,(V16-R16)/7,(U16-R16)/7),"") -> 10.714286 | Z16: =IF(Y16="","",IF(F16="BOLSAS",IF(Y16<=6,"IN TIME","DELAYED"),IF(F16="CAJAS",IF(Y16<=8,"IN TIME","DELAYED"),IF(Y16<=6,"IN TIME","DELAYED")))) -> DELAYED | AA16: =IF(AND(ISBLANK(U16),ISBLANK(V16)),"",IF(ISBLANK(V16),U16,V16)) -> 45993 | AB16: =CONCAT(G16,H16) -> 140204927740
A17: =IF(B17="BUFKOR INC.","BUFKOR",IF(B17="CHIPPENHOOK","CHIPPENHOOK","SPECIALTY")) -> SPECIALTY | B17: {=IFERROR(XLOOKUP(G17&H17,SAP!K:K,SAP!A:A,0,0),"")} -> BUFKOR INC- | C17: =IFERROR(IF(OR('MASTER PLAN'!$B$2:$B$81="CHIPPENHOOK",'MASTER PLAN'!$B$2:$B$81="BUFKOR INC."),"USA",IF('MASTER PLAN'!$B$2:$B$81="SIGMAQ MEXICO S.A DE C.V","MX","SP")),"") -> SP | D17: RODNEY LLOYD | E17: =IFERROR(VLOOKUP(D17,REFERENCIAS!A:B,2,0),"") -> KENEDY TOBAR | F17: BOLSAS | G17: 1402049281 | H17: 10 | I17: {=IFERROR(XLOOKUP(G17&H17,SAP!K:K,SAP!D:D,0,0),"")} -> 10335262 | J17: {=UPPER(XLOOKUP(G17&H17,SAP!K:K,SAP!E:E,0,0))} -> BOLSA ALBERTS JEWELERS 6-5"X3-5"X6-5" | K17: {=IFERROR(XLOOKUP(G17&H17,SAP!K:K,SAP!F:F,0,0),"")} -> 3500 | L17: {=IFERROR(XLOOKUP(G17&H17,SAP!K:K,SAP!G:G,0,0),"")} -> 3192 | M17: =IFERROR(L17/K17,0) -> 0.912 | N17: 0.2 | O17: =IFERROR(K17*(1+N17),0) -> 4200 | P17: 3341651 | Q17: 45922 | R17: {=IFERROR(XLOOKUP(G17&H17,SAP!K:K,SAP!H:H,0,0),"")} -> 45918 | S17: {=IFERROR(XLOOKUP(G17&H17,SAP!K:K,SAP!I:I,0,0),"")} -> 45961 | U17: 45986 | X17: =IF(OR(U17<>0,V17<>0),"SCHEDULE","PENDING") -> SCHEDULE | Y17: =IF(U17<>0,IF(V17<>0,(V17-R17)/7,(U17-R17)/7),"") -> 9.7142857 | Z17: =IF(Y17="","",IF(F17="BOLSAS",IF(Y17<=6,"IN TIME","DELAYED"),IF(F17="CAJAS",IF(Y17<=8,"IN TIME","DELAYED"),IF(Y17<=6,"IN TIME","DELAYED")))) -> DELAYED | AA17: =IF(AND(ISBLANK(U17),ISBLANK(V17)),"",IF(ISBLANK(V17),U17,V17)) -> 45986 | AB17: =CONCAT(G17,H17) -> 140204928110
A18: =IF(B18="BUFKOR INC.","BUFKOR",IF(B18="CHIPPENHOOK","CHIPPENHOOK","SPECIALTY")) -> SPECIALTY | B18: {=IFERROR(XLOOKUP(G18&H18,SAP!K:K,SAP!A:A,0,0),"")} -> BUFKOR INC- | C18: =IFERROR(IF(OR('MASTER PLAN'!$B$2:$B$81="CHIPPENHOOK",'MASTER PLAN'!$B$2:$B$81="BUFKOR INC."),"USA",IF('MASTER PLAN'!$B$2:$B$81="SIGMAQ MEXICO S.A DE C.V","MX","SP")),"") -> SP | D18: RODNEY LLOYD | E18: =IFERROR(VLOOKUP(D18,REFERENCIAS!A:B,2,0),"") -> KENEDY TOBAR | F18: BOLSAS | G18: 1402049281 | H18: 20 | I18: {=IFERROR(XLOOKUP(G18&H18,SAP!K:K,SAP!D:D,0,0),"")} -> 10340277 | J18: {=UPPER(XLOOKUP(G18&H18,SAP!K:K,SAP!E:E,0,0))} -> BOLSA ALBERTS JEWELERS 10"X6"X10" FL | K18: {=IFERROR(XLOOKUP(G18&H18,SAP!K:K,SAP!F:F,0,0),"")} -> 1200 | L18: {=IFERROR(XLOOKUP(G18&H18,SAP!K:K,SAP!G:G,0,0),"")} -> 1929.6 | M18: =IFERROR(L18/K18,0) -> 1.608 | N18: 0.2 | O18: =IFERROR(K18*(1+N18),0) -> 1440 | P18: 3341702 | Q18: 45922 | R18: {=IFERROR(XLOOKUP(G18&H18,SAP!K:K,SAP!H:H,0,0),"")} -> 45918 | S18: {=IFERROR(XLOOKUP(G18&H18,SAP!K:K,SAP!I:I,0,0),"")} -> 45961 | U18: 45986 | X18: =IF(OR(U18<>0,V18<>0),"SCHEDULE","PENDING") -> SCHEDULE | Y18: =IF(U18<>0,IF(V18<>0,(V18-R18)/7,(U18-R18)/7),"") -> 9.7142857 | Z18: =IF(Y18="","",IF(F18="BOLSAS",IF(Y18<=6,"IN TIME","DELAYED"),IF(F18="CAJAS",IF(Y18<=8,"IN TIME","DELAYED"),IF(Y18<=6,"IN TIME","DELAYED")))) -> DELAYED | AA18: =IF(AND(ISBLANK(U18),ISBLANK(V18)),"",IF(ISBLANK(V18),U18,V18)) -> 45986 | AB18: =CONCAT(G18,H18) -> 140204928120
A19: =IF(B19="BUFKOR INC.","BUFKOR",IF(B19="CHIPPENHOOK","CHIPPENHOOK","SPECIALTY")) -> SPECIALTY | B19: {=IFERROR(XLOOKUP(G19&H19,SAP!K:K,SAP!A:A,0,0),"")} -> BUFKOR INC- | C19: =IFERROR(IF(OR('MASTER PLAN'!$B$2:$B$81="CHIPPENHOOK",'MASTER PLAN'!$B$2:$B$81="BUFKOR INC."),"USA",IF('MASTER PLAN'!$B$2:$B$81="SIGMAQ MEXICO S.A DE C.V","MX","SP")),"") -> SP | D19: ROY DALE GUSHWA | E19: =IFERROR(VLOOKUP(D19,REFERENCIAS!A:B,2,0),"") -> REYNALDO CARRANZA | F19: BOLSAS | G19: 1402049286 | H19: 10 | I19: {=IFERROR(XLOOKUP(G19&H19,SAP!K:K,SAP!D:D,0,0),"")} -> 10315150 | J19: {=UPPER(XLOOKUP(G19&H19,SAP!K:K,SAP!E:E,0,0))} -> BOLSA HUNTINGTON 6-5"X3-5"X6-5" | K19: {=IFERROR(XLOOKUP(G19&H19,SAP!K:K,SAP!F:F,0,0),"")} -> 4500 | L19: {=IFERROR(XLOOKUP(G19&H19,SAP!K:K,SAP!G:G,0,0),"")} -> 7956 | M19: =IFERROR(L19/K19,0) -> 1.768 | N19: 0.2 | O19: =IFERROR(K19*(1+N19),0) -> 5400 | P19: 3341705 | Q19: 45922 | R19: {=IFERROR(XLOOKUP(G19&H19,SAP!K:K,SAP!H:H,0,0),"")} -> 45918 | S19: {=IFERROR(XLOOKUP(G19&H19,SAP!K:K,SAP!I:I,0,0),"")} -> 45945 | T19: 3000115091 | U19: 45993 | W19: ETA 10-Nov | X19: =IF(OR(U19<>0,V19<>0),"SCHEDULE","PENDING") -> SCHEDULE | Y19: =IF(U19<>0,IF(V19<>0,(V19-R19)/7,(U19-R19)/7),"") -> 10.714286 | Z19: =IF(Y19="","",IF(F19="BOLSAS",IF(Y19<=6,"IN TIME","DELAYED"),IF(F19="CAJAS",IF(Y19<=8,"IN TIME","DELAYED"),IF(Y19<=6,"IN TIME","DELAYED")))) -> DELAYED | AA19: =IF(AND(ISBLANK(U19),ISBLANK(V19)),"",IF(ISBLANK(V19),U19,V19)) -> 45993 | AB19: =CONCAT(G19,H19) -> 140204928610
A20: =IF(B20="BUFKOR INC.","BUFKOR",IF(B20="CHIPPENHOOK","CHIPPENHOOK","SPECIALTY")) -> SPECIALTY | B20: {=IFERROR(XLOOKUP(G20&H20,SAP!K:K,SAP!A:A,0,0),"")} -> BUFKOR INC- | C20: =IFERROR(IF(OR('MASTER PLAN'!$B$2:$B$81="CHIPPENHOOK",'MASTER PLAN'!$B$2:$B$81="BUFKOR INC."),"USA",IF('MASTER PLAN'!$B$2:$B$81="SIGMAQ MEXICO S.A DE C.V","MX","SP")),"") -> SP | D20: ROY DALE GUSHWA | E20: =IFERROR(VLOOKUP(D20,REFERENCIAS!A:B,2,0),"") -> REYNALDO CARRANZA | F20: BOLSAS | G20: 1402049286 | H20: 20 | I20: {=IFERROR(XLOOKUP(G20&H20,SAP!K:K,SAP!D:D,0,0),"")} -> 10315139 | J20: {=UPPER(XLOOKUP(G20&H20,SAP!K:K,SAP!E:E,0,0))} -> BOLSA HUNTINGTON 8"X4"X10" | K20: {=IFERROR(XLOOKUP(G20&H20,SAP!K:K,SAP!F:F,0,0),"")} -> 1800 | L20: {=IFERROR(XLOOKUP(G20&H20,SAP!K:K,SAP!G:G,0,0),"")} -> 6004.8 | M20: =IFERROR(L20/K20,0) -> 3.336 | N20: 0.2 | O20: =IFERROR(K20*(1+N20),0) -> 2160 | P20: 3341706 | Q20: 45922 | R20: {=IFERROR(XLOOKUP(G20&H20,SAP!K:K,SAP!H:H,0,0),"")} -> 45918 | S20: {=IFERROR(XLOOKUP(G20&H20,SAP!K:K,SAP!I:I,0,0),"")} -> 45945 | T20: 3000115091 | U20: 45993 | W20: ETA 10-Nov | X20: =IF(OR(U20<>0,V20<>0),"SCHEDULE","PENDING") -> SCHEDULE | Y20: =IF(U20<>0,IF(V20<>0,(V20-R20)/7,(U20-R20)/7),"") -> 10.714286 | Z20: =IF(Y20="","",IF(F20="BOLSAS",IF(Y20<=6,"IN TIME","DELAYED"),IF(F20="CAJAS",IF(Y20<=8,"IN TIME","DELAYED"),IF(Y20<=6,"IN TIME","DELAYED")))) -> DELAYED | AA20: =IF(AND(ISBLANK(U20),ISBLANK(V20)),"",IF(ISBLANK(V20),U20,V20)) -> 45993 | AB20: =CONCAT(G20,H20) -> 140204928620
A21: =IF(B21="BUFKOR INC.","BUFKOR",IF(B21="CHIPPENHOOK","CHIPPENHOOK","SPECIALTY")) -> SPECIALTY | B21: {=IFERROR(XLOOKUP(G21&H21,SAP!K:K,SAP!A:A,0,0),"")} -> BUFKOR INC- | C21: =IFERROR(IF(OR('MASTER PLAN'!$B$2:$B$81="CHIPPENHOOK",'MASTER PLAN'!$B$2:$B$81="BUFKOR INC."),"USA",IF('MASTER PLAN'!$B$2:$B$81="SIGMAQ MEXICO S.A DE C.V","MX","SP")),"") -> SP | D21: RODNEY LLOYD | E21: =IFERROR(VLOOKUP(D21,REFERENCIAS!A:B,2,0),"") -> KENEDY TOBAR | F21: BOLSAS | G21: 1402049318 | H21: 10 | I21: {=IFERROR(XLOOKUP(G21&H21,SAP!K:K,SAP!D:D,0,0),"")} -> 10330738 | J21: {=UPPER(XLOOKUP(G21&H21,SAP!K:K,SAP!E:E,0,0))} -> BOLSA WATERFALL JEWELERS 6-5"X3-5"X6-5" | K21: {=IFERROR(XLOOKUP(G21&H21,SAP!K:K,SAP!F:F,0,0),"")} -> 3000 | L21: {=IFERROR(XLOOKUP(G21&H21,SAP!K:K,SAP!G:G,0,0),"")} -> 7128 | M21: =IFERROR(L21/K21,0) -> 2.376 | N21: 0.2 | O21: =IFERROR(K21*(1+N21),0) -> 3600 | P21: 3341707 | Q21: 45922 | R21: {=IFERROR(XLOOKUP(G21&H21,SAP!K:K,SAP!H:H,0,0),"")} -> 45918 | S21: {=IFERROR(XLOOKUP(G21&H21,SAP!K:K,SAP!I:I,0,0),"")} -> 45968 | T21: 3000115938 | U21: 46010 | W21: Solped sin fecha en Basecamp. | X21: =IF(OR(U21<>0,V21<>0),"SCHEDULE","PENDING") -> SCHEDULE | Y21: =IF(U21<>0,IF(V21<>0,(V21-R21)/7,(U21-R21)/7),"") -> 13.142857 | Z21: =IF(Y21="","",IF(F21="BOLSAS",IF(Y21<=6,"IN TIME","DELAYED"),IF(F21="CAJAS",IF(Y21<=8,"IN TIME","DELAYED"),IF(Y21<=6,"IN TIME","DELAYED")))) -> DELAYED | AA21: =IF(AND(ISBLANK(U21),ISBLANK(V21)),"",IF(ISBLANK(V21),U21,V21)) -> 46010 | AB21: =CONCAT(G21,H21) -> 140204931810
A22: =IF(B22="BUFKOR INC.","BUFKOR",IF(B22="CHIPPENHOOK","CHIPPENHOOK","SPECIALTY")) -> SPECIALTY | B22: {=IFERROR(XLOOKUP(G22&H22,SAP!K:K,SAP!A:A,0,0),"")} -> BUFKOR INC- | C22: =IFERROR(IF(OR('MASTER PLAN'!$B$2:$B$81="CHIPPENHOOK",'MASTER PLAN'!$B$2:$B$81="BUFKOR INC."),"USA",IF('MASTER PLAN'!$B$2:$B$81="SIGMAQ MEXICO S.A DE C.V","MX","SP")),"") -> SP | D22: RODNEY LLOYD | E22: =IFERROR(VLOOKUP(D22,REFERENCIAS!A:B,2,0),"") -> KENEDY TOBAR | F22: BOLSAS | G22: 1402049318 | H22: 20 | I22: {=IFERROR(XLOOKUP(G22&H22,SAP!K:K,SAP!D:D,0,0),"")} -> 10330739 | J22: {=UPPER(XLOOKUP(G22&H22,SAP!K:K,SAP!E:E,0,0))} -> BOLSA WATERFALL JEWELERS 8"X4"X10" | K22: {=IFERROR(XLOOKUP(G22&H22,SAP!K:K,SAP!F:F,0,0),"")} -> 4000 | L22: {=IFERROR(XLOOKUP(G22&H22,SAP!K:K,SAP!G:G,0,0),"")} -> 12416 | M22: =IFERROR(L22/K22,0) -> 3.104 | N22: 0.2 | O22: =IFERROR(K22*(1+N22),0) -> 4800 | P22: 3341708 | Q22: 45922 | R22: {=IFERROR(XLOOKUP(G22&H22,SAP!K:K,SAP!H:H,0,0),"")} -> 45918 | S22: {=IFERROR(XLOOKUP(G22&H22,SAP!K:K,SAP!I:I,0,0),"")} -> 45968 | T22: 3000115938 | U22: 46010 | W22: Solped sin fecha en Basecamp. | X22: =IF(OR(U22<>0,V22<>0),"SCHEDULE","PENDING") -> SCHEDULE | Y22: =IF(U22<>0,IF(V22<>0,(V22-R22)/7,(U22-R22)/7),"") -> 13.142857 | Z22: =IF(Y22="","",IF(F22="BOLSAS",IF(Y22<=6,"IN TIME","DELAYED"),IF(F22="CAJAS",IF(Y22<=8,"IN TIME","DELAYED"),IF(Y22<=6,"IN TIME","DELAYED")))) -> DELAYED | AA22: =IF(AND(ISBLANK(U22),ISBLANK(V22)),"",IF(ISBLANK(V22),U22,V22)) -> 46010 | AB22: =CONCAT(G22,H22) -> 140204931820
A23: =IF(B23="BUFKOR INC.","BUFKOR",IF(B23="CHIPPENHOOK","CHIPPENHOOK","SPECIALTY")) -> SPECIALTY | B23: {=IFERROR(XLOOKUP(G23&H23,SAP!K:K,SAP!A:A,0,0),"")} -> BUFKOR INC- | C23: =IFERROR(IF(OR('MASTER PLAN'!$B$2:$B$81="CHIPPENHOOK",'MASTER PLAN'!$B$2:$B$81="BUFKOR INC."),"USA",IF('MASTER PLAN'!$B$2:$B$81="SIGMAQ MEXICO S.A DE C.V","MX","SP")),"") -> SP | D23: JENNIFER BEAGLE | E23: =IFERROR(VLOOKUP(D23,REFERENCIAS!A:B,2,0),"") -> JAVIER MOLINA | F23: BOLSAS | G23: 1402049332 | H23: 10 | I23: {=IFERROR(XLOOKUP(G23&H23,SAP!K:K,SAP!D:D,0,0),"")} -> 10315648 | J23: {=UPPER(XLOOKUP(G23&H23,SAP!K:K,SAP!E:E,0,0))} -> BOLSA SCOTT & CO 5"X4"X6" | K23: {=IFERROR(XLOOKUP(G23&H23,SAP!K:K,SAP!F:F,0,0),"")} -> 3000 | L23: {=IFERROR(XLOOKUP(G23&H23,SAP!K:K,SAP!G:G,0,0),"")} -> 2832 | M23: =IFERROR(L23/K23,0) -> 0.944 | N23: 0.2 | O23: =IFERROR(K23*(1+N23),0) -> 3600 | P23: 3341709 | Q23: 45922 | R23: {=IFERROR(XLOOKUP(G23&H23,SAP!K:K,SAP!H:H,0,0),"")} -> 45918 | S23: {=IFERROR(XLOOKUP(G23&H23,SAP!K:K,SAP!I:I,0,0),"")} -> 45966 | U23: 45979 | X23: =IF(OR(U23<>0,V23<>0),"SCHEDULE","PENDING") -> SCHEDULE | Y23: =IF(U23<>0,IF(V23<>0,(V23-R23)/7,(U23-R23)/7),"") -> 8.7142857 | Z23: =IF(Y23="","",IF(F23="BOLSAS",IF(Y23<=6,"IN TIME","DELAYED"),IF(F23="CAJAS",IF(Y23<=8,"IN TIME","DELAYED"),IF(Y23<=6,"IN TIME","DELAYED")))) -> DELAYED | AA23: =IF(AND(ISBLANK(U23),ISBLANK(V23)),"",IF(ISBLANK(V23),U23,V23)) -> 45979 | AB23: =CONCAT(G23,H23) -> 140204933210
A24: =IF(B24="BUFKOR INC.","BUFKOR",IF(B24="CHIPPENHOOK","CHIPPENHOOK","SPECIALTY")) -> SPECIALTY | B24: {=IFERROR(XLOOKUP(G24&H24,SAP!K:K,SAP!A:A,0,0),"")} -> BUFKOR INC- | C24: =IFERROR(IF(OR('MASTER PLAN'!$B$2:$B$81="CHIPPENHOOK",'MASTER PLAN'!$B$2:$B$81="BUFKOR INC."),"USA",IF('MASTER PLAN'!$B$2:$B$81="SIGMAQ MEXICO S.A DE C.V","MX","SP")),"") -> SP | D24: ROSA MARÍA TEJADA | E24: =IFERROR(VLOOKUP(D24,REFERENCIAS!A:B,2,0),"") -> ULISES HERNANDEZ | F24: BOLSAS | G24: 1402049342 | H24: 10 | I24: {=IFERROR(XLOOKUP(G24&H24,SAP!K:K,SAP!D:D,0,0),"")} -> 10317410 | J24: {=UPPER(XLOOKUP(G24&H24,SAP!K:K,SAP!E:E,0,0))} -> BOLSA SHARFMANS JLRS 6-5"X3-5"X6-5" | K24: {=IFERROR(XLOOKUP(G24&H24,SAP!K:K,SAP!F:F,0,0),"")} -> 1500 | L24: {=IFERROR(XLOOKUP(G24&H24,SAP!K:K,SAP!G:G,0,0),"")} -> 1380 | M24: =IFERROR(L24/K24,0) -> 0.92 | N24: 0.2 | O24: =IFERROR(K24*(1+N24),0) -> 1800 | P24: 3343125 | Q24: 45929 | R24: {=IFERROR(XLOOKUP(G24&H24,SAP!K:K,SAP!H:H,0,0),"")} -> 45918 | S24: {=IFERROR(XLOOKUP(G24&H24,SAP!K:K,SAP!I:I,0,0),"")} -> 45961 | U24: 45982 | X24: =IF(OR(U24<>0,V24<>0),"SCHEDULE","PENDING") -> SCHEDULE | Y24: =IF(U24<>0,IF(V24<>0,(V24-R24)/7,(U24-R24)/7),"") -> 9.1428571 | Z24: =IF(Y24="","",IF(F24="BOLSAS",IF(Y24<=6,"IN TIME","DELAYED"),IF(F24="CAJAS",IF(Y24<=8,"IN TIME","DELAYED"),IF(Y24<=6,"IN TIME","DELAYED")))) -> DELAYED | AA24: =IF(AND(ISBLANK(U24),ISBLANK(V24)),"",IF(ISBLANK(V24),U24,V24)) -> 45982 | AB24: =CONCAT(G24,H24) -> 140204934210
A25: =IF(B25="BUFKOR INC.","BUFKOR",IF(B25="CHIPPENHOOK","CHIPPENHOOK","SPECIALTY")) -> SPECIALTY | B25: {=IFERROR(XLOOKUP(G25&H25,SAP!K:K,SAP!A:A,0,0),"")} -> BUFKOR INC- | C25: =IFERROR(IF(OR('MASTER PLAN'!$B$2:$B$81="CHIPPENHOOK",'MASTER PLAN'!$B$2:$B$81="BUFKOR INC."),"USA",IF('MASTER PLAN'!$B$2:$B$81="SIGMAQ MEXICO S.A DE C.V","MX","SP")),"") -> SP | D25: ROSA MARÍA TEJADA | E25: =IFERROR(VLOOKUP(D25,REFERENCIAS!A:B,2,0),"") -> ULISES HERNANDEZ | F25: BOLSAS | G25: 1402049342 | H25: 20 | I25: {=IFERROR(XLOOKUP(G25&H25,SAP!K:K,SAP!D:D,0,0),"")} -> 10317411 | J25: {=UPPER(XLOOKUP(G25&H25,SAP!K:K,SAP!E:E,0,0))} -> BOLSA SHARFMANS JLRS 10"X4"X8" | K25: {=IFERROR(XLOOKUP(G25&H25,SAP!K:K,SAP!F:F,0,0),"")} -> 1500 | L25: {=IFERROR(XLOOKUP(G25&H25,SAP!K:K,SAP!G:G,0,0),"")} -> 1740 | M25: =IFERROR(L25/K25,0) -> 1.16 | N25: 0.2 | O25: =IFERROR(K25*(1+N25),0) -> 1800 | P25: 3343126 | Q25: 45929 | R25: {=IFERROR(XLOOKUP(G25&H25,SAP!K:K,SAP!H:H,0,0),"")} -> 45918 | S25: {=IFERROR(XLOOKUP(G25&H25,SAP!K:K,SAP!I:I,0,0),"")} -> 45961 | U25: 45986 | X25: =IF(OR(U25<>0,V25<>0),"SCHEDULE","PENDING") -> SCHEDULE | Y25: =IF(U25<>0,IF(V25<>0,(V25-R25)/7,(U25-R25)/7),"") -> 9.7142857 | Z25: =IF(Y25="","",IF(F25="BOLSAS",IF(Y25<=6,"IN TIME","DELAYED"),IF(F25="CAJAS",IF(Y25<=8,"IN TIME","DELAYED"),IF(Y25<=6,"IN TIME","DELAYED")))) -> DELAYED | AA25: =IF(AND(ISBLANK(U25),ISBLANK(V25)),"",IF(ISBLANK(V25),U25,V25)) -> 45986 | AB25: =CONCAT(G25,H25) -> 140204934220
A26: =IF(B26="BUFKOR INC.","BUFKOR",IF(B26="CHIPPENHOOK","CHIPPENHOOK","SPECIALTY")) -> CHIPPENHOOK | B26: {=IFERROR(XLOOKUP(G26&H26,SAP!K:K,SAP!A:A,0,0),"")} -> CHIPPENHOOK | C26: =IFERROR(IF(OR('MASTER PLAN'!$B$2:$B$81="CHIPPENHOOK",'MASTER PLAN'!$B$2:$B$81="BUFKOR INC."),"USA",IF('MASTER PLAN'!$B$2:$B$81="SIGMAQ MEXICO S.A DE C.V","MX","SP")),"") -> USA | D26: JUDY ISMAEL | E26: =IFERROR(VLOOKUP(D26,REFERENCIAS!A:B,2,0),"") -> SANTOS CORNEJO | F26: BOLSAS | G26: 1402049346 | H26: 10 | I26: {=IFERROR(XLOOKUP(G26&H26,SAP!K:K,SAP!D:D,0,0),"")} -> 10341615 | J26: {=UPPER(XLOOKUP(G26&H26,SAP!K:K,SAP!E:E,0,0))} -> BOLSA HELZBERG 10X2-5X8 IN FA | K26: {=IFERROR(XLOOKUP(G26&H26,SAP!K:K,SAP!F:F,0,0),"")} -> 20000 | L26: {=IFERROR(XLOOKUP(G26&H26,SAP!K:K,SAP!G:G,0,0),"")} -> 16000 | M26: =IFERROR(L26/K26,0) -> 0.8 | N26: 0.2 | O26: =IFERROR(K26*(1+N26),0) -> 24000 | P26: 3343127 | Q26: 45930 | R26: {=IFERROR(XLOOKUP(G26&H26,SAP!K:K,SAP!H:H,0,0),"")} -> 45918 | S26: {=IFERROR(XLOOKUP(G26&H26,SAP!K:K,SAP!I:I,0,0),"")} -> 45922 | U26: 45996 | W26: Únicamente restan 8,100 unidades por despachar. | X26: =IF(OR(U26<>0,V26<>0),"SCHEDULE","PENDING") -> SCHEDULE | Y26: =IF(U26<>0,IF(V26<>0,(V26-R26)/7,(U26-R26)/7),"") -> 11.142857 | Z26: =IF(Y26="","",IF(F26="BOLSAS",IF(Y26<=6,"IN TIME","DELAYED"),IF(F26="CAJAS",IF(Y26<=8,"IN TIME","DELAYED"),IF(Y26<=6,"IN TIME","DELAYED")))) -> DELAYED | AA26: =IF(AND(ISBLANK(U26),ISBLANK(V26)),"",IF(ISBLANK(V26),U26,V26)) -> 45996 | AB26: =CONCAT(G26,H26) -> 140204934610
A27: =IF(B27="BUFKOR INC.","BUFKOR",IF(B27="CHIPPENHOOK","CHIPPENHOOK","SPECIALTY")) -> SPECIALTY | B27: {=IFERROR(XLOOKUP(G27&H27,SAP!K:K,SAP!A:A,0,0),"")} -> BUFKOR INC- | C27: =IFERROR(IF(OR('MASTER PLAN'!$B$2:$B$81="CHIPPENHOOK",'MASTER PLAN'!$B$2:$B$81="BUFKOR INC."),"USA",IF('MASTER PLAN'!$B$2:$B$81="SIGMAQ MEXICO S.A DE C.V","MX","SP")),"") -> SP | D27: JENNIFER BEAGLE | E27: =IFERROR(VLOOKUP(D27,REFERENCIAS!A:B,2,0),"") -> JAVIER MOLINA | F27: BOLSAS | G27: 1402049349 | H27: 10 | I27: {=IFERROR(XLOOKUP(G27&H27,SAP!K:K,SAP!D:D,0,0),"")} -> 10341623 | J27: {=UPPER(XLOOKUP(G27&H27,SAP!K:K,SAP!E:E,0,0))} -> BOLSA WSHM WOS 10"X6"X10" FA | K27: {=IFERROR(XLOOKUP(G27&H27,SAP!K:K,SAP!F:F,0,0),"")} -> 15000 | L27: {=IFERROR(XLOOKUP(G27&H27,SAP!K:K,SAP!G:G,0,0),"")} -> 36720 | M27: =IFERROR(L27/K27,0) -> 2.448 | N27: 0.2 | O27: =IFERROR(K27*(1+N27),0) -> 18000 | P27: 3343130 | Q27: 45929 | R27: {=IFERROR(XLOOKUP(G27&H27,SAP!K:K,SAP!H:H,0,0),"")} -> 45923 | S27: {=IFERROR(XLOOKUP(G27&H27,SAP!K:K,SAP!I:I,0,0),"")} -> 45960 | U27: 46003 | W27: Atraso por problema de montaje en los pliegos de proveedor. | X27: =IF(OR(U27<>0,V27<>0),"SCHEDULE","PENDING") -> SCHEDULE | Y27: =IF(U27<>0,IF(V27<>0,(V27-R27)/7,(U27-R27)/7),"") -> 11.428571 | Z27: =IF(Y27="","",IF(F27="BOLSAS",IF(Y27<=6,"IN TIME","DELAYED"),IF(F27="CAJAS",IF(Y27<=8,"IN TIME","DELAYED"),IF(Y27<=6,"IN TIME","DELAYED")))) -> DELAYED | AA27: =IF(AND(ISBLANK(U27),ISBLANK(V27)),"",IF(ISBLANK(V27),U27,V27)) -> 46003 | AB27: =CONCAT(G27,H27) -> 140204934910
A28: =IF(B28="BUFKOR INC.","BUFKOR",IF(B28="CHIPPENHOOK","CHIPPENHOOK","SPECIALTY")) -> SPECIALTY | B28: {=IFERROR(XLOOKUP(G28&H28,SAP!K:K,SAP!A:A,0,0),"")} -> BUFKOR INC- | C28: =IFERROR(IF(OR('MASTER PLAN'!$B$2:$B$81="CHIPPENHOOK",'MASTER PLAN'!$B$2:$B$81="BUFKOR INC."),"USA",IF('MASTER PLAN'!$B$2:$B$81="SIGMAQ MEXICO S.A DE C.V","MX","SP")),"") -> SP | D28: JENNIFER BEAGLE | E28: =IFERROR(VLOOKUP(D28,REFERENCIAS!A:B,2,0),"") -> JAVIER MOLINA | F28: BOLSAS | G28: 1402049349 | H28: 20 | I28: {=IFERROR(XLOOKUP(G28&H28,SAP!K:K,SAP!D:D,0,0),"")} -> 10341624 | J28: {=UPPER(XLOOKUP(G28&H28,SAP!K:K,SAP!E:E,0,0))} -> BOLSA WSHN WOS 17"X7"X14" FA | K28: {=IFERROR(XLOOKUP(G28&H28,SAP!K:K,SAP!F:F,0,0),"")} -> 4000 | L28: {=IFERROR(XLOOKUP(G28&H28,SAP!K:K,SAP!G:G,0,0),"")} -> 18080 | M28: =IFERROR(L28/K28,0) -> 4.52 | N28: 0.2 | O28: =IFERROR(K28*(1+N28),0) -> 4800 | P28: 3343131 | Q28: 45929 | R28: {=IFERROR(XLOOKUP(G28&H28,SAP!K:K,SAP!H:H,0,0),"")} -> 45923 | S28: {=IFERROR(XLOOKUP(G28&H28,SAP!K:K,SAP!I:I,0,0),"")} -> 45960 | U28: 46003 | W28: Atraso por problema de montaje en los pliegos de proveedor. | X28: =IF(OR(U28<>0,V28<>0),"SCHEDULE","PENDING") -> SCHEDULE | Y28: =IF(U28<>0,IF(V28<>0,(V28-R28)/7,(U28-R28)/7),"") -> 11.428571 | Z28: =IF(Y28="","",IF(F28="BOLSAS",IF(Y28<=6,"IN TIME","DELAYED"),IF(F28="CAJAS",IF(Y28<=8,"IN TIME","DELAYED"),IF(Y28<=6,"IN TIME","DELAYED")))) -> DELAYED | AA28: =IF(AND(ISBLANK(U28),ISBLANK(V28)),"",IF(ISBLANK(V28),U28,V28)) -> 46003 | AB28: =CONCAT(G28,H28) -> 140204934920
A29: =IF(B29="BUFKOR INC.","BUFKOR",IF(B29="CHIPPENHOOK","CHIPPENHOOK","SPECIALTY")) -> SPECIALTY | B29: {=IFERROR(XLOOKUP(G29&H29,SAP!K:K,SAP!A:A,0,0),"")} -> BUFKOR INC- | C29: =IFERROR(IF(OR('MASTER PLAN'!$B$2:$B$81="CHIPPENHOOK",'MASTER PLAN'!$B$2:$B$81="BUFKOR INC."),"USA",IF('MASTER PLAN'!$B$2:$B$81="SIGMAQ MEXICO S.A DE C.V","MX","SP")),"") -> SP | D29: JENNIFER BEAGLE | E29: =IFERROR(VLOOKUP(D29,REFERENCIAS!A:B,2,0),"") -> JAVIER MOLINA | F29: BOLSAS | G29: 1402049350 | H29: 10 | I29: {=IFERROR(XLOOKUP(G29&H29,SAP!K:K,SAP!D:D,0,0),"")} -> 10341618 | J29: {=UPPER(XLOOKUP(G29&H29,SAP!K:K,SAP!E:E,0,0))} -> BOLSA WSMJ MAYORS WOS 6-5"X3-5"X6-5" FA | K29: {=IFERROR(XLOOKUP(G29&H29,SAP!K:K,SAP!F:F,0,0),"")} -> 4000 | L29: {=IFERROR(XLOOKUP(G29&H29,SAP!K:K,SAP!G:G,0,0),"")} -> 6688 | M29: =IFERROR(L29/K29,0) -> 1.672 | N29: 0.2 | O29: =IFERROR(K29*(1+N29),0) -> 4800 | P29: 3343132 | Q29: 45929 | R29: {=IFERROR(XLOOKUP(G29&H29,SAP!K:K,SAP!H:H,0,0),"")} -> 45923 | S29: {=IFERROR(XLOOKUP(G29&H29,SAP!K:K,SAP!I:I,0,0),"")} -> 45959 | U29: 46003 | W29: Atraso por problema de montaje en los pliegos de proveedor. | X29: =IF(OR(U29<>0,V29<>0),"SCHEDULE","PENDING") -> SCHEDULE | Y29: =IF(U29<>0,IF(V29<>0,(V29-R29)/7,(U29-R29)/7),"") -> 11.428571 | Z29: =IF(Y29="","",IF(F29="BOLSAS",IF(Y29<=6,"IN TIME","DELAYED"),IF(F29="CAJAS",IF(Y29<=8,"IN TIME","DELAYED"),IF(Y29<=6,"IN TIME","DELAYED")))) -> DELAYED | AA29: =IF(AND(ISBLANK(U29),ISBLANK(V29)),"",IF(ISBLANK(V29),U29,V29)) -> 46003 | AB29: =CONCAT(G29,H29) -> 140204935010
A30: =IF(B30="BUFKOR INC.","BUFKOR",IF(B30="CHIPPENHOOK","CHIPPENHOOK","SPECIALTY")) -> SPECIALTY | B30: {=IFERROR(XLOOKUP(G30&H30,SAP!K:K,SAP!A:A,0,0),"")} -> BUFKOR INC- | C30: =IFERROR(IF(OR('MASTER PLAN'!$B$2:$B$81="CHIPPENHOOK",'MASTER PLAN'!$B$2:$B$81="BUFKOR INC."),"USA",IF('MASTER PLAN'!$B$2:$B$81="SIGMAQ MEXICO S.A DE C.V","MX","SP")),"") -> SP | D30: JENNIFER BEAGLE | E30: =IFERROR(VLOOKUP(D30,REFERENCIAS!A:B,2,0),"") -> JAVIER MOLINA | F30: BOLSAS | G30: 1402049350 | H30: 20 | I30: {=IFERROR(XLOOKUP(G30&H30,SAP!K:K,SAP!D:D,0,0),"")} -> 10341620 | J30: {=UPPER(XLOOKUP(G30&H30,SAP!K:K,SAP!E:E,0,0))} -> BOLSA WSMJ MAYORS WOS 10"X6"X10" FA | K30: {=IFERROR(XLOOKUP(G30&H30,SAP!K:K,SAP!F:F,0,0),"")} -> 12000 | L30: {=IFERROR(XLOOKUP(G30&H30,SAP!K:K,SAP!G:G,0,0),"")} -> 29760 | M30: =IFERROR(L30/K30,0) -> 2.48 | N30: 0.2 | O30: =IFERROR(K30*(1+N30),0) -> 14400 | P30: 3343133 | Q30: 45929 | R30: {=IFERROR(XLOOKUP(G30&H30,SAP!K:K,SAP!H:H,0,0),"")} -> 45923 | S30: {=IFERROR(XLOOKUP(G30&H30,SAP!K:K,SAP!I:I,0,0),"")} -> 45959 | U30: 46003 | W30: Atraso por problema de montaje en los pliegos de proveedor. | X30: =IF(OR(U30<>0,V30<>0),"SCHEDULE","PENDING") -> SCHEDULE | Y30: =IF(U30<>0,IF(V30<>0,(V30-R30)/7,(U30-R30)/7),"") -> 11.428571 | Z30: =IF(Y30="","",IF(F30="BOLSAS",IF(Y30<=6,"IN TIME","DELAYED"),IF(F30="CAJAS",IF(Y30<=8,"IN TIME","DELAYED"),IF(Y30<=6,"IN TIME","DELAYED")))) -> DELAYED | AA30: =IF(AND(ISBLANK(U30),ISBLANK(V30)),"",IF(ISBLANK(V30),U30,V30)) -> 46003 | AB30: =CONCAT(G30,H30) -> 140204935020
A31: =IF(B31="BUFKOR INC.","BUFKOR",IF(B31="CHIPPENHOOK","CHIPPENHOOK","SPECIALTY")) -> SPECIALTY | B31: {=IFERROR(XLOOKUP(G31&H31,SAP!K:K,SAP!A:A,0,0),"")} -> BUFKOR INC- | C31: =IFERROR(IF(OR('MASTER PLAN'!$B$2:$B$81="CHIPPENHOOK",'MASTER PLAN'!$B$2:$B$81="BUFKOR INC."),"USA",IF('MASTER PLAN'!$B$2:$B$81="SIGMAQ MEXICO S.A DE C.V","MX","SP")),"") -> SP | D31: JENNIFER BEAGLE | E31: =IFERROR(VLOOKUP(D31,REFERENCIAS!A:B,2,0),"") -> JAVIER MOLINA | F31: BOLSAS | G31: 1402049350 | H31: 30 | I31: {=IFERROR(XLOOKUP(G31&H31,SAP!K:K,SAP!D:D,0,0),"")} -> 10341619 | J31: {=UPPER(XLOOKUP(G31&H31,SAP!K:K,SAP!E:E,0,0))} -> BOLSA WSMJ MAYORS WOS 17"X7"X14" FA | K31: {=IFERROR(XLOOKUP(G31&H31,SAP!K:K,SAP!F:F,0,0),"")} -> 4000 | L31: {=IFERROR(XLOOKUP(G31&H31,SAP!K:K,SAP!G:G,0,0),"")} -> 18336 | M31: =IFERROR(L31/K31,0) -> 4.584 | N31: 0.2 | O31: =IFERROR(K31*(1+N31),0) -> 4800 | P31: 3343134 | Q31: 45929 | R31: {=IFERROR(XLOOKUP(G31&H31,SAP!K:K,SAP!H:H,0,0),"")} -> 45923 | S31: {=IFERROR(XLOOKUP(G31&H31,SAP!K:K,SAP!I:I,0,0),"")} -> 45959 | U31: 46003 | W31: Atraso por problema de montaje en los pliegos de proveedor. | X31: =IF(OR(U31<>0,V31<>0),"SCHEDULE","PENDING") -> SCHEDULE | Y31: =IF(U31<>0,IF(V31<>0,(V31-R31)/7,(U31-R31)/7),"") -> 11.428571 | Z31: =IF(Y31="","",IF(F31="BOLSAS",IF(Y31<=6,"IN TIME","DELAYED"),IF(F31="CAJAS",IF(Y31<=8,"IN TIME","DELAYED"),IF(Y31<=6,"IN TIME","DELAYED")))) -> DELAYED | AA31: =IF(AND(ISBLANK(U31),ISBLANK(V31)),"",IF(ISBLANK(V31),U31,V31)) -> 46003 | AB31: =CONCAT(G31,H31) -> 140204935030
A32: =IF(B32="BUFKOR INC.","BUFKOR",IF(B32="CHIPPENHOOK","CHIPPENHOOK","SPECIALTY")) -> SPECIALTY | B32: {=IFERROR(XLOOKUP(G32&H32,SAP!K:K,SAP!A:A,0,0),"")} -> BUFKOR INC- | C32: =IFERROR(IF(OR('MASTER PLAN'!$B$2:$B$81="CHIPPENHOOK",'MASTER PLAN'!$B$2:$B$81="BUFKOR INC."),"USA",IF('MASTER PLAN'!$B$2:$B$81="SIGMAQ MEXICO S.A DE C.V","MX","SP")),"") -> SP | D32: RODNEY LLOYD | E32: =IFERROR(VLOOKUP(D32,REFERENCIAS!A:B,2,0),"") -> KENEDY TOBAR | F32: BOLSAS | G32: 1402049351 | H32: 10 | I32: {=IFERROR(XLOOKUP(G32&H32,SAP!K:K,SAP!D:D,0,0),"")} -> 10330738 | J32: {=UPPER(XLOOKUP(G32&H32,SAP!K:K,SAP!E:E,0,0))} -> BOLSA WATERFALL JEWELERS 6-5"X3-5"X6-5" | K32: {=IFERROR(XLOOKUP(G32&H32,SAP!K:K,SAP!F:F,0,0),"")} -> 2000 | L32: {=IFERROR(XLOOKUP(G32&H32,SAP!K:K,SAP!G:G,0,0),"")} -> 4752 | M32: =IFERROR(L32/K32,0) -> 2.376 | N32: 0.2 | O32: =IFERROR(K32*(1+N32),0) -> 2400 | P32: 3343201 | Q32: 45929 | R32: {=IFERROR(XLOOKUP(G32&H32,SAP!K:K,SAP!H:H,0,0),"")} -> 45923 | S32: {=IFERROR(XLOOKUP(G32&H32,SAP!K:K,SAP!I:I,0,0),"")} -> 45968 | U32: 46010 | X32: =IF(OR(U32<>0,V32<>0),"SCHEDULE","PENDING") -> SCHEDULE | Y32: =IF(U32<>0,IF(V32<>0,(V32-R32)/7,(U32-R32)/7),"") -> 12.428571 | Z32: =IF(Y32="","",IF(F32="BOLSAS",IF(Y32<=6,"IN TIME","DELAYED"),IF(F32="CAJAS",IF(Y32<=8,"IN TIME","DELAYED"),IF(Y32<=6,"IN TIME","DELAYED")))) -> DELAYED | AA32: =IF(AND(ISBLANK(U32),ISBLANK(V32)),"",IF(ISBLANK(V32),U32,V32)) -> 46010 | AB32: =CONCAT(G32,H32) -> 140204935110
A33: =IF(B33="BUFKOR INC.","BUFKOR",IF(B33="CHIPPENHOOK","CHIPPENHOOK","SPECIALTY")) -> SPECIALTY | B33: {=IFERROR(XLOOKUP(G33&H33,SAP!K:K,SAP!A:A,0,0),"")} -> BUFKOR INC- | C33: =IFERROR(IF(OR('MASTER PLAN'!$B$2:$B$81="CHIPPENHOOK",'MASTER PLAN'!$B$2:$B$81="BUFKOR INC."),"USA",IF('MASTER PLAN'!$B$2:$B$81="SIGMAQ MEXICO S.A DE C.V","MX","SP")),"") -> SP | D33: RODNEY LLOYD | E33: =IFERROR(VLOOKUP(D33,REFERENCIAS!A:B,2,0),"") -> KENEDY TOBAR | F33: BOLSAS | G33: 1402049351 | H33: 20 | I33: {=IFERROR(XLOOKUP(G33&H33,SAP!K:K,SAP!D:D,0,0),"")} -> 10330739 | J33: {=UPPER(XLOOKUP(G33&H33,SAP!K:K,SAP!E:E,0,0))} -> BOLSA WATERFALL JEWELERS 8"X4"X10" | K33: {=IFERROR(XLOOKUP(G33&H33,SAP!K:K,SAP!F:F,0,0),"")} -> 1000 | L33: {=IFERROR(XLOOKUP(G33&H33,SAP!K:K,SAP!G:G,0,0),"")} -> 3104 | M33: =IFERROR(L33/K33,0) -> 3.104 | N33: 0.2 | O33: =IFERROR(K33*(1+N33),0) -> 1200 | P33: 3343202 | Q33: 45929 | R33: {=IFERROR(XLOOKUP(G33&H33,SAP!K:K,SAP!H:H,0,0),"")} -> 45923 | S33: {=IFERROR(XLOOKUP(G33&H33,SAP!K:K,SAP!I:I,0,0),"")} -> 45968 | U33: 46010 | X33: =IF(OR(U33<>0,V33<>0),"SCHEDULE","PENDING") -> SCHEDULE | Y33: =IF(U33<>0,IF(V33<>0,(V33-R33)/7,(U33-R33)/7),"") -> 12.428571 | Z33: =IF(Y33="","",IF(F33="BOLSAS",IF(Y33<=6,"IN TIME","DELAYED"),IF(F33="CAJAS",IF(Y33<=8,"IN TIME","DELAYED"),IF(Y33<=6,"IN TIME","DELAYED")))) -> DELAYED | AA33: =IF(AND(ISBLANK(U33),ISBLANK(V33)),"",IF(ISBLANK(V33),U33,V33)) -> 46010 | AB33: =CONCAT(G33,H33) -> 140204935120
A34: =IF(B34="BUFKOR INC.","BUFKOR",IF(B34="CHIPPENHOOK","CHIPPENHOOK","SPECIALTY")) -> SPECIALTY | B34: {=IFERROR(XLOOKUP(G34&H34,SAP!K:K,SAP!A:A,0,0),"")} -> BUFKOR INC- | C34: =IFERROR(IF(OR('MASTER PLAN'!$B$2:$B$81="CHIPPENHOOK",'MASTER PLAN'!$B$2:$B$81="BUFKOR INC."),"USA",IF('MASTER PLAN'!$B$2:$B$81="SIGMAQ MEXICO S.A DE C.V","MX","SP")),"") -> SP | D34: ROSA MARÍA TEJADA | E34: =IFERROR(VLOOKUP(D34,REFERENCIAS!A:B,2,0),"") -> ULISES HERNANDEZ | F34: BOLSAS | G34: 1402049355 | H34: 10 | I34: {=IFERROR(XLOOKUP(G34&H34,SAP!K:K,SAP!D:D,0,0),"")} -> 10264307 | J34: {=UPPER(XLOOKUP(G34&H34,SAP!K:K,SAP!E:E,0,0))} -> BOLSA WALKER CHRISTOPHER 6-5X3X9 | K34: {=IFERROR(XLOOKUP(G34&H34,SAP!K:K,SAP!F:F,0,0),"")} -> 1500 | L34: {=IFERROR(XLOOKUP(G34&H34,SAP!K:K,SAP!G:G,0,0),"")} -> 2190 | M34: =IFERROR(L34/K34,0) -> 1.46 | N34: 0.2 | O34: =IFERROR(K34*(1+N34),0) -> 1800 | P34: 3343214 | Q34: 45929 | R34: {=IFERROR(XLOOKUP(G34&H34,SAP!K:K,SAP!H:H,0,0),"")} -> 45923 | S34: {=IFERROR(XLOOKUP(G34&H34,SAP!K:K,SAP!I:I,0,0),"")} -> 45989 | T34: 3000115937 | U34: 46010 | W34: ETA 18-Nov | X34: =IF(OR(U34<>0,V34<>0),"SCHEDULE","PENDING") -> SCHEDULE | Y34: =IF(U34<>0,IF(V34<>0,(V34-R34)/7,(U34-R34)/7),"") -> 12.428571 | Z34: =IF(Y34="","",IF(F34="BOLSAS",IF(Y34<=6,"IN TIME","DELAYED"),IF(F34="CAJAS",IF(Y34<=8,"IN TIME","DELAYED"),IF(Y34<=6,"IN TIME","DELAYED")))) -> DELAYED | AA34: =IF(AND(ISBLANK(U34),ISBLANK(V34)),"",IF(ISBLANK(V34),U34,V34)) -> 46010 | AB34: =CONCAT(G34,H34) -> 140204935510
A35: =IF(B35="BUFKOR INC.","BUFKOR",IF(B35="CHIPPENHOOK","CHIPPENHOOK","SPECIALTY")) -> SPECIALTY | B35: {=IFERROR(XLOOKUP(G35&H35,SAP!K:K,SAP!A:A,0,0),"")} -> BUFKOR INC- | C35: =IFERROR(IF(OR('MASTER PLAN'!$B$2:$B$81="CHIPPENHOOK",'MASTER PLAN'!$B$2:$B$81="BUFKOR INC."),"USA",IF('MASTER PLAN'!$B$2:$B$81="SIGMAQ MEXICO S.A DE C.V","MX","SP")),"") -> SP | D35: ENOC MADRIL | E35: =IFERROR(VLOOKUP(D35,REFERENCIAS!A:B,2,0),"") -> REYNALDO CARRANZA | F35: BOLSAS | G35: 1402049357 | H35: 10 | I35: {=IFERROR(XLOOKUP(G35&H35,SAP!K:K,SAP!D:D,0,0),"")} -> 10341444 | J35: {=UPPER(XLOOKUP(G35&H35,SAP!K:K,SAP!E:E,0,0))} -> BOLSA GREBITUS 11X4X8 IN FL | K35: {=IFERROR(XLOOKUP(G35&H35,SAP!K:K,SAP!F:F,0,0),"")} -> 2000 | L35: {=IFERROR(XLOOKUP(G35&H35,SAP!K:K,SAP!G:G,0,0),"")} -> 2304 | M35: =IFERROR(L35/K35,0) -> 1.152 | N35: 0.2 | O35: =IFERROR(K35*(1+N35),0) -> 2400 | P35: 3343203 | Q35: 45929 | R35: {=IFERROR(XLOOKUP(G35&H35,SAP!K:K,SAP!H:H,0,0),"")} -> 45923 | S35: {=IFERROR(XLOOKUP(G35&H35,SAP!K:K,SAP!I:I,0,0),"")} -> 45961 | U35: 45980 | X35: =IF(OR(U35<>0,V35<>0),"SCHEDULE","PENDING") -> SCHEDULE | Y35: =IF(U35<>0,IF(V35<>0,(V35-R35)/7,(U35-R35)/7),"") -> 8.1428571 | Z35: =IF(Y35="","",IF(F35="BOLSAS",IF(Y35<=6,"IN TIME","DELAYED"),IF(F35="CAJAS",IF(Y35<=8,"IN TIME","DELAYED"),IF(Y35<=6,"IN TIME","DELAYED")))) -> DELAYED | AA35: =IF(AND(ISBLANK(U35),ISBLANK(V35)),"",IF(ISBLANK(V35),U35,V35)) -> 45980 | AB35: =CONCAT(G35,H35) -> 140204935710
A36: =IF(B36="BUFKOR INC.","BUFKOR",IF(B36="CHIPPENHOOK","CHIPPENHOOK","SPECIALTY")) -> SPECIALTY | B36: {=IFERROR(XLOOKUP(G36&H36,SAP!K:K,SAP!A:A,0,0),"")} -> BUFKOR INC- | C36: =IFERROR(IF(OR('MASTER PLAN'!$B$2:$B$81="CHIPPENHOOK",'MASTER PLAN'!$B$2:$B$81="BUFKOR INC."),"USA",IF('MASTER PLAN'!$B$2:$B$81="SIGMAQ MEXICO S.A DE C.V","MX","SP")),"") -> SP | D36: JENNIFER BEAGLE | E36: =IFERROR(VLOOKUP(D36,REFERENCIAS!A:B,2,0),"") -> JAVIER MOLINA | F36: BOLSAS | G36: 1402049358 | H36: 10 | I36: {=IFERROR(XLOOKUP(G36&H36,SAP!K:K,SAP!D:D,0,0),"")} -> 10315151 | J36: {=UPPER(XLOOKUP(G36&H36,SAP!K:K,SAP!E:E,0,0))} -> BOLSA JON'S FINE JEWELRY 5"X4"X7" | K36: {=IFERROR(XLOOKUP(G36&H36,SAP!K:K,SAP!F:F,0,0),"")} -> 2000 | L36: {=IFERROR(XLOOKUP(G36&H36,SAP!K:K,SAP!G:G,0,0),"")} -> 3344 | M36: =IFERROR(L36/K36,0) -> 1.672 | N36: 0.2 | O36: =IFERROR(K36*(1+N36),0) -> 2400 | P36: 3343204 | Q36: 45929 | R36: {=IFERROR(XLOOKUP(G36&H36,SAP!K:K,SAP!H:H,0,0),"")} -> 45922 | S36: {=IFERROR(XLOOKUP(G36&H36,SAP!K:K,SAP!I:I,0,0),"")} -> 45687 | T36: 3000115950 | U36: 46031 | W36: ETA 25-Nov | X36: =IF(OR(U36<>0,V36<>0),"SCHEDULE","PENDING") -> SCHEDULE | Y36: =IF(U36<>0,IF(V36<>0,(V36-R36)/7,(U36-R36)/7),"") -> 15.571429 | Z36: =IF(Y36="","",IF(F36="BOLSAS",IF(Y36<=6,"IN TIME","DELAYED"),IF(F36="CAJAS",IF(Y36<=8,"IN TIME","DELAYED"),IF(Y36<=6,"IN TIME","DELAYED")))) -> DELAYED | AA36: =IF(AND(ISBLANK(U36),ISBLANK(V36)),"",IF(ISBLANK(V36),U36,V36)) -> 46031 | AB36: =CONCAT(G36,H36) -> 140204935810
A37: =IF(B37="BUFKOR INC.","BUFKOR",IF(B37="CHIPPENHOOK","CHIPPENHOOK","SPECIALTY")) -> SPECIALTY | B37: {=IFERROR(XLOOKUP(G37&H37,SAP!K:K,SAP!A:A,0,0),"")} -> BUFKOR INC- | C37: =IFERROR(IF(OR('MASTER PLAN'!$B$2:$B$81="CHIPPENHOOK",'MASTER PLAN'!$B$2:$B$81="BUFKOR INC."),"USA",IF('MASTER PLAN'!$B$2:$B$81="SIGMAQ MEXICO S.A DE C.V","MX","SP")),"") -> SP | D37: ROSA MARÍA TEJADA | E37: =IFERROR(VLOOKUP(D37,REFERENCIAS!A:B,2,0),"") -> ULISES HERNANDEZ | F37: BOLSAS | G37: 1402049362 | H37: 10 | I37: {=IFERROR(XLOOKUP(G37&H37,SAP!K:K,SAP!D:D,0,0),"")} -> 10341266 | J37: {=UPPER(XLOOKUP(G37&H37,SAP!K:K,SAP!E:E,0,0))} -> BOLSA SCHWANKE KASTEN CO 10"X6"X8" | K37: {=IFERROR(XLOOKUP(G37&H37,SAP!K:K,SAP!F:F,0,0),"")} -> 2000 | L37: {=IFERROR(XLOOKUP(G37&H37,SAP!K:K,SAP!G:G,0,0),"")} -> 2816 | M37: =IFERROR(L37/K37,0) -> 1.408 | N37: 0.2 | O37: =IFERROR(K37*(1+N37),0) -> 2400 | P37: 3343205 | Q37: 45929 | R37: {=IFERROR(XLOOKUP(G37&H37,SAP!K:K,SAP!H:H,0,0),"")} -> 45923 | S37: {=IFERROR(XLOOKUP(G37&H37,SAP!K:K,SAP!I:I,0,0),"")} -> 45961 | U37: 45989 | X37: =IF(OR(U37<>0,V37<>0),"SCHEDULE","PENDING") -> SCHEDULE | Y37: =IF(U37<>0,IF(V37<>0,(V37-R37)/7,(U37-R37)/7),"") -> 9.4285714 | Z37: =IF(Y37="","",IF(F37="BOLSAS",IF(Y37<=6,"IN TIME","DELAYED"),IF(F37="CAJAS",IF(Y37<=8,"IN TIME","DELAYED"),IF(Y37<=6,"IN TIME","DELAYED")))) -> DELAYED | AA37: =IF(AND(ISBLANK(U37),ISBLANK(V37)),"",IF(ISBLANK(V37),U37,V37)) -> 45989 | AB37: =CONCAT(G37,H37) -> 140204936210
A38: =IF(B38="BUFKOR INC.","BUFKOR",IF(B38="CHIPPENHOOK","CHIPPENHOOK","SPECIALTY")) -> SPECIALTY | B38: {=IFERROR(XLOOKUP(G38&H38,SAP!K:K,SAP!A:A,0,0),"")} -> UNIPACK, S-A- DE C-V- | C38: =IFERROR(IF(OR('MASTER PLAN'!$B$2:$B$81="CHIPPENHOOK",'MASTER PLAN'!$B$2:$B$81="BUFKOR INC."),"USA",IF('MASTER PLAN'!$B$2:$B$81="SIGMAQ MEXICO S.A DE C.V","MX","SP")),"") -> SP | D38: ROSA MARÍA TEJADA | E38: =IFERROR(VLOOKUP(D38,REFERENCIAS!A:B,2,0),"") -> ULISES HERNANDEZ | F38: BOLSAS | G38: 1402049363 | H38: 10 | I38: {=IFERROR(XLOOKUP(G38&H38,SAP!K:K,SAP!D:D,0,0),"")} -> 10340460 | J38: {=UPPER(XLOOKUP(G38&H38,SAP!K:K,SAP!E:E,0,0))} -> BOLSA BELUM 11X7X14-5 CM FL | K38: {=IFERROR(XLOOKUP(G38&H38,SAP!K:K,SAP!F:F,0,0),"")} -> 550 | L38: {=IFERROR(XLOOKUP(G38&H38,SAP!K:K,SAP!G:G,0,0),"")} -> 291.5 | M38: =IFERROR(L38/K38,0) -> 0.53 | N38: 0.2 | O38: =IFERROR(K38*(1+N38),0) -> 660 | P38: 3343206 | Q38: 45929 | R38: {=IFERROR(XLOOKUP(G38&H38,SAP!K:K,SAP!H:H,0,0),"")} -> 45923 | S38: {=IFERROR(XLOOKUP(G38&H38,SAP!K:K,SAP!I:I,0,0),"")} -> 45986 | U38: 45989 | X38: =IF(OR(U38<>0,V38<>0),"SCHEDULE","PENDING") -> SCHEDULE | Y38: =IF(U38<>0,IF(V38<>0,(V38-R38)/7,(U38-R38)/7),"") -> 9.4285714 | Z38: =IF(Y38="","",IF(F38="BOLSAS",IF(Y38<=6,"IN TIME","DELAYED"),IF(F38="CAJAS",IF(Y38<=8,"IN TIME","DELAYED"),IF(Y38<=6,"IN TIME","DELAYED")))) -> DELAYED | AA38: =IF(AND(ISBLANK(U38),ISBLANK(V38)),"",IF(ISBLANK(V38),U38,V38)) -> 45989 | AB38: =CONCAT(G38,H38) -> 140204936310
A39: =IF(B39="BUFKOR INC.","BUFKOR",IF(B39="CHIPPENHOOK","CHIPPENHOOK","SPECIALTY")) -> SPECIALTY | B39: {=IFERROR(XLOOKUP(G39&H39,SAP!K:K,SAP!A:A,0,0),"")} -> UNIPACK, S-A- DE C-V- | C39: =IFERROR(IF(OR('MASTER PLAN'!$B$2:$B$81="CHIPPENHOOK",'MASTER PLAN'!$B$2:$B$81="BUFKOR INC."),"USA",IF('MASTER PLAN'!$B$2:$B$81="SIGMAQ MEXICO S.A DE C.V","MX","SP")),"") -> SP | D39: ROSA MARÍA TEJADA | E39: =IFERROR(VLOOKUP(D39,REFERENCIAS!A:B,2,0),"") -> ULISES HERNANDEZ | F39: BOLSAS | G39: 1402049364 | H39: 10 | I39: {=IFERROR(XLOOKUP(G39&H39,SAP!K:K,SAP!D:D,0,0),"")} -> 10340460 | J39: {=UPPER(XLOOKUP(G39&H39,SAP!K:K,SAP!E:E,0,0))} -> BOLSA BELUM 11X7X14-5 CM FL | K39: {=IFERROR(XLOOKUP(G39&H39,SAP!K:K,SAP!F:F,0,0),"")} -> 550 | L39: {=IFERROR(XLOOKUP(G39&H39,SAP!K:K,SAP!G:G,0,0),"")} -> 291.5 | M39: =IFERROR(L39/K39,0) -> 0.53 | N39: 0.2 | O39: =IFERROR(K39*(1+N39),0) -> 660 | P39: 3343208 | Q39: 45929 | R39: {=IFERROR(XLOOKUP(G39&H39,SAP!K:K,SAP!H:H,0,0),"")} -> 45923 | S39: {=IFERROR(XLOOKUP(G39&H39,SAP!K:K,SAP!I:I,0,0),"")} -> 46013 | U39: 45996 | X39: =IF(OR(U39<>0,V39<>0),"SCHEDULE","PENDING") -> SCHEDULE | Y39: =IF(U39<>0,IF(V39<>0,(V39-R39)/7,(U39-R39)/7),"") -> 10.428571 | Z39: =IF(Y39="","",IF(F39="BOLSAS",IF(Y39<=6,"IN TIME","DELAYED"),IF(F39="CAJAS",IF(Y39<=8,"IN TIME","DELAYED"),IF(Y39<=6,"IN TIME","DELAYED")))) -> DELAYED | AA39: =IF(AND(ISBLANK(U39),ISBLANK(V39)),"",IF(ISBLANK(V39),U39,V39)) -> 45996 | AB39: =CONCAT(G39,H39) -> 140204936410
A40: =IF(B40="BUFKOR INC.","BUFKOR",IF(B40="CHIPPENHOOK","CHIPPENHOOK","SPECIALTY")) -> SPECIALTY | B40: {=IFERROR(XLOOKUP(G40&H40,SAP!K:K,SAP!A:A,0,0),"")} -> BUFKOR INC- | C40: =IFERROR(IF(OR('MASTER PLAN'!$B$2:$B$81="CHIPPENHOOK",'MASTER PLAN'!$B$2:$B$81="BUFKOR INC."),"USA",IF('MASTER PLAN'!$B$2:$B$81="SIGMAQ MEXICO S.A DE C.V","MX","SP")),"") -> SP | D40: LYNDA MORRISON | E40: =IFERROR(VLOOKUP(D40,REFERENCIAS!A:B,2,0),"") -> LIGIA MONRROY | F40: BOLSAS | G40: 1402049237 | H40: 10 | I40: {=IFERROR(XLOOKUP(G40&H40,SAP!K:K,SAP!D:D,0,0),"")} -> 10326083 | J40: {=UPPER(XLOOKUP(G40&H40,SAP!K:K,SAP!E:E,0,0))} -> BOLSA ANNABELLES 8"X4"X10" | K40: {=IFERROR(XLOOKUP(G40&H40,SAP!K:K,SAP!F:F,0,0),"")} -> 4500 | L40: {=IFERROR(XLOOKUP(G40&H40,SAP!K:K,SAP!G:G,0,0),"")} -> 6300 | M40: =IFERROR(L40/K40,0) -> 1.4 | N40: 0.2 | O40: =IFERROR(K40*(1+N40),0) -> 5400 | P40: 3349042 | Q40: 45957 | R40: {=IFERROR(XLOOKUP(G40&H40,SAP!K:K,SAP!H:H,0,0),"")} -> 45901 | S40: {=IFERROR(XLOOKUP(G40&H40,SAP!K:K,SAP!I:I,0,0),"")} -> 45957 | U40: 45986 | W40: Se despacharon 400 unidades aéreas. | X40: =IF(OR(U40<>0,V40<>0),"SCHEDULE","PENDING") -> SCHEDULE | Y40: =IF(U40<>0,IF(V40<>0,(V40-R40)/7,(U40-R40)/7),"") -> 12.142857 | Z40: =IF(Y40="","",IF(F40="BOLSAS",IF(Y40<=6,"IN TIME","DELAYED"),IF(F40="CAJAS",IF(Y40<=8,"IN TIME","DELAYED"),IF(Y40<=6,"IN TIME","DELAYED")))) -> DELAYED | AA40: =IF(AND(ISBLANK(U40),ISBLANK(V40)),"",IF(ISBLANK(V40),U40,V40)) -> 45986 | AB40: =CONCAT(G40,H40) -> 140204923710
A41: =IF(B41="BUFKOR INC.","BUFKOR",IF(B41="CHIPPENHOOK","CHIPPENHOOK","SPECIALTY")) -> SPECIALTY | B41: {=IFERROR(XLOOKUP(G41&H41,SAP!K:K,SAP!A:A,0,0),"")} -> BUFKOR INC- | C41: =IFERROR(IF(OR('MASTER PLAN'!$B$2:$B$81="CHIPPENHOOK",'MASTER PLAN'!$B$2:$B$81="BUFKOR INC."),"USA",IF('MASTER PLAN'!$B$2:$B$81="SIGMAQ MEXICO S.A DE C.V","MX","SP")),"") -> SP | D41: LYNDA MORRISON | E41: =IFERROR(VLOOKUP(D41,REFERENCIAS!A:B,2,0),"") -> LIGIA MONRROY | F41: BOLSAS | G41: 1402049237 | H41: 20 | I41: {=IFERROR(XLOOKUP(G41&H41,SAP!K:K,SAP!D:D,0,0),"")} -> 10328675 | J41: {=UPPER(XLOOKUP(G41&H41,SAP!K:K,SAP!E:E,0,0))} -> BOLSA ANNABELLES 13"X5"X10" | K41: {=IFERROR(XLOOKUP(G41&H41,SAP!K:K,SAP!F:F,0,0),"")} -> 1500 | L41: {=IFERROR(XLOOKUP(G41&H41,SAP!K:K,SAP!G:G,0,0),"")} -> 4092 | M41: =IFERROR(L41/K41,0) -> 2.728 | N41: 0.2 | O41: =IFERROR(K41*(1+N41),0) -> 1800 | P41: 3349041 | Q41: 45957 | R41: {=IFERROR(XLOOKUP(G41&H41,SAP!K:K,SAP!H:H,0,0),"")} -> 45901 | S41: {=IFERROR(XLOOKUP(G41&H41,SAP!K:K,SAP!I:I,0,0),"")} -> 45957 | U41: 45986 | W41: Se despacharon 120 unidades aéreas. | X41: =IF(OR(U41<>0,V41<>0),"SCHEDULE","PENDING") -> SCHEDULE | Y41: =IF(U41<>0,IF(V41<>0,(V41-R41)/7,(U41-R41)/7),"") -> 12.142857 | Z41: =IF(Y41="","",IF(F41="BOLSAS",IF(Y41<=6,"IN TIME","DELAYED"),IF(F41="CAJAS",IF(Y41<=8,"IN TIME","DELAYED"),IF(Y41<=6,"IN TIME","DELAYED")))) -> DELAYED | AA41: =IF(AND(ISBLANK(U41),ISBLANK(V41)),"",IF(ISBLANK(V41),U41,V41)) -> 45986 | AB41: =CONCAT(G41,H41) -> 140204923720
A42: =IF(B42="BUFKOR INC.","BUFKOR",IF(B42="CHIPPENHOOK","CHIPPENHOOK","SPECIALTY")) -> SPECIALTY | B42: {=IFERROR(XLOOKUP(G42&H42,SAP!K:K,SAP!A:A,0,0),"")} -> UNIPACK, S-A- DE C-V- | C42: =IFERROR(IF(OR('MASTER PLAN'!$B$2:$B$81="CHIPPENHOOK",'MASTER PLAN'!$B$2:$B$81="BUFKOR INC."),"USA",IF('MASTER PLAN'!$B$2:$B$81="SIGMAQ MEXICO S.A DE C.V","MX","SP")),"") -> SP | D42: ALICIA DE SALAZAR | E42: =IFERROR(VLOOKUP(D42,REFERENCIAS!A:B,2,0),"") -> MELISSA MELENDEZ | F42: BOLSAS | G42: 1402049448 | H42: 10 | I42: {=IFERROR(XLOOKUP(G42&H42,SAP!K:K,SAP!D:D,0,0),"")} -> 10282569 | J42: {=UPPER(XLOOKUP(G42&H42,SAP!K:K,SAP!E:E,0,0))} -> BOLSA CALDANI 6-5"X2-5"X5-5" | K42: {=IFERROR(XLOOKUP(G42&H42,SAP!K:K,SAP!F:F,0,0),"")} -> 2000 | L42: {=IFERROR(XLOOKUP(G42&H42,SAP!K:K,SAP!G:G,0,0),"")} -> 1326 | M42: =IFERROR(L42/K42,0) -> 0.663 | N42: 0.2 | O42: =IFERROR(K42*(1+N42),0) -> 2400 | P42: 3350615 | Q42: 45965 | R42: {=IFERROR(XLOOKUP(G42&H42,SAP!K:K,SAP!H:H,0,0),"")} -> 45944 | S42: {=IFERROR(XLOOKUP(G42&H42,SAP!K:K,SAP!I:I,0,0),"")} -> 46000 | U42: 46017 | X42: =IF(OR(U42<>0,V42<>0),"SCHEDULE","PENDING") -> SCHEDULE | Y42: =IF(U42<>0,IF(V42<>0,(V42-R42)/7,(U42-R42)/7),"") -> 10.428571 | Z42: =IF(Y42="","",IF(F42="BOLSAS",IF(Y42<=6,"IN TIME","DELAYED"),IF(F42="CAJAS",IF(Y42<=8,"IN TIME","DELAYED"),IF(Y42<=6,"IN TIME","DELAYED")))) -> DELAYED | AA42: =IF(AND(ISBLANK(U42),ISBLANK(V42)),"",IF(ISBLANK(V42),U42,V42)) -> 46017 | AB42: =CONCAT(G42,H42) -> 140204944810
A43: =IF(B43="BUFKOR INC.","BUFKOR",IF(B43="CHIPPENHOOK","CHIPPENHOOK","SPECIALTY")) -> SPECIALTY | B43: {=IFERROR(XLOOKUP(G43&H43,SAP!K:K,SAP!A:A,0,0),"")} -> BUFKOR INC- | C43: =IFERROR(IF(OR('MASTER PLAN'!$B$2:$B$81="CHIPPENHOOK",'MASTER PLAN'!$B$2:$B$81="BUFKOR INC."),"USA",IF('MASTER PLAN'!$B$2:$B$81="SIGMAQ MEXICO S.A DE C.V","MX","SP")),"") -> SP | D43: RODNEY LLOYD | E43: =IFERROR(VLOOKUP(D43,REFERENCIAS!A:B,2,0),"") -> KENEDY TOBAR | F43: BOLSAS | G43: 1402049387 | H43: 10 | I43: {=IFERROR(XLOOKUP(G43&H43,SAP!K:K,SAP!D:D,0,0),"")} -> 10335266 | J43: {=UPPER(XLOOKUP(G43&H43,SAP!K:K,SAP!E:E,0,0))} -> BOLSA MAUI DIVERS 10"X6"X10" | K43: {=IFERROR(XLOOKUP(G43&H43,SAP!K:K,SAP!F:F,0,0),"")} -> 10080 | L43: {=IFERROR(XLOOKUP(G43&H43,SAP!K:K,SAP!G:G,0,0),"")} -> 18063.36 | M43: =IFERROR(L43/K43,0) -> 1.792 | N43: 0.2 | O43: =IFERROR(K43*(1+N43),0) -> 12096 | P43: 3345138 | Q43: 45937 | R43: {=IFERROR(XLOOKUP(G43&H43,SAP!K:K,SAP!H:H,0,0),"")} -> 45926 | S43: {=IFERROR(XLOOKUP(G43&H43,SAP!K:K,SAP!I:I,0,0),"")} -> 45968 | U43: 45980 | X43: =IF(OR(U43<>0,V43<>0),"SCHEDULE","PENDING") -> SCHEDULE | Y43: =IF(U43<>0,IF(V43<>0,(V43-R43)/7,(U43-R43)/7),"") -> 7.7142857 | Z43: =IF(Y43="","",IF(F43="BOLSAS",IF(Y43<=6,"IN TIME","DELAYED"),IF(F43="CAJAS",IF(Y43<=8,"IN TIME","DELAYED"),IF(Y43<=6,"IN TIME","DELAYED")))) -> DELAYED | AA43: =IF(AND(ISBLANK(U43),ISBLANK(V43)),"",IF(ISBLANK(V43),U43,V43)) -> 45980 | AB43: =CONCAT(G43,H43) -> 140204938710
A44: =IF(B44="BUFKOR INC.","BUFKOR",IF(B44="CHIPPENHOOK","CHIPPENHOOK","SPECIALTY")) -> SPECIALTY | B44: {=IFERROR(XLOOKUP(G44&H44,SAP!K:K,SAP!A:A,0,0),"")} -> BUFKOR INC- | C44: =IFERROR(IF(OR('MASTER PLAN'!$B$2:$B$81="CHIPPENHOOK",'MASTER PLAN'!$B$2:$B$81="BUFKOR INC."),"USA",IF('MASTER PLAN'!$B$2:$B$81="SIGMAQ MEXICO S.A DE C.V","MX","SP")),"") -> SP | D44: REG MARTIN | E44: =IFERROR(VLOOKUP(D44,REFERENCIAS!A:B,2,0),"") -> JAVIER MOLINA | F44: BOLSAS | G44: 1402049521 | H44: 10 | I44: {=IFERROR(XLOOKUP(G44&H44,SAP!K:K,SAP!D:D,0,0),"")} -> 10306051 | J44: {=UPPER(XLOOKUP(G44&H44,SAP!K:K,SAP!E:E,0,0))} -> BOLSA THE GEM LAB 6-5X3-5X6-5 | K44: {=IFERROR(XLOOKUP(G44&H44,SAP!K:K,SAP!F:F,0,0),"")} -> 2500 | L44: {=IFERROR(XLOOKUP(G44&H44,SAP!K:K,SAP!G:G,0,0),"")} -> 1760 | M44: =IFERROR(L44/K44,0) -> 0.704 | N44: 0.2 | O44: =IFERROR(K44*(1+N44),0) -> 3000 | P44: 3352202 | Q44: 45973 | R44: {=IFERROR(XLOOKUP(G44&H44,SAP!K:K,SAP!H:H,0,0),"")} -> 45961 | S44: {=IFERROR(XLOOKUP(G44&H44,SAP!K:K,SAP!I:I,0,0),"")} -> 46008 | T44: 3000117203 | U44: 46028 | X44: =IF(OR(U44<>0,V44<>0),"SCHEDULE","PENDING") -> SCHEDULE | Y44: =IF(U44<>0,IF(V44<>0,(V44-R44)/7,(U44-R44)/7),"") -> 9.5714286 | Z44: =IF(Y44="","",IF(F44="BOLSAS",IF(Y44<=6,"IN TIME","DELAYED"),IF(F44="CAJAS",IF(Y44<=8,"IN TIME","DELAYED"),IF(Y44<=6,"IN TIME","DELAYED")))) -> DELAYED | AA44: =IF(AND(ISBLANK(U44),ISBLANK(V44)),"",IF(ISBLANK(V44),U44,V44)) -> 46028 | AB44: =CONCAT(G44,H44) -> 140204952110
A45: =IF(B45="BUFKOR INC.","BUFKOR",IF(B45="CHIPPENHOOK","CHIPPENHOOK","SPECIALTY")) -> SPECIALTY | B45: {=IFERROR(XLOOKUP(G45&H45,SAP!K:K,SAP!A:A,0,0),"")} -> BUFKOR INC- | C45: =IFERROR(IF(OR('MASTER PLAN'!$B$2:$B$81="CHIPPENHOOK",'MASTER PLAN'!$B$2:$B$81="BUFKOR INC."),"USA",IF('MASTER PLAN'!$B$2:$B$81="SIGMAQ MEXICO S.A DE C.V","MX","SP")),"") -> SP | D45: REG MARTIN | E45: =IFERROR(VLOOKUP(D45,REFERENCIAS!A:B,2,0),"") -> JAVIER MOLINA | F45: BOLSAS | G45: 1402049532 | H45: 10 | I45: {=IFERROR(XLOOKUP(G45&H45,SAP!K:K,SAP!D:D,0,0),"")} -> 10282947 | J45: {=UPPER(XLOOKUP(G45&H45,SAP!K:K,SAP!E:E,0,0))} -> BOLSA CHARISMA JEWELERS 10"X 4"X 8" | K45: {=IFERROR(XLOOKUP(G45&H45,SAP!K:K,SAP!F:F,0,0),"")} -> 2000 | L45: {=IFERROR(XLOOKUP(G45&H45,SAP!K:K,SAP!G:G,0,0),"")} -> 2400 | M45: =IFERROR(L45/K45,0) -> 1.2 | N45: 0.2 | O45: =IFERROR(K45*(1+N45),0) -> 2400 | P45: 3352203 | Q45: 45973 | R45: {=IFERROR(XLOOKUP(G45&H45,SAP!K:K,SAP!H:H,0,0),"")} -> 45966 | S45: {=IFERROR(XLOOKUP(G45&H45,SAP!K:K,SAP!I:I,0,0),"")} -> 46015 | U45: 46000 | W45: Materiales en Stock | X45: =IF(OR(U45<>0,V45<>0),"SCHEDULE","PENDING") -> SCHEDULE | Y45: =IF(U45<>0,IF(V45<>0,(V45-R45)/7,(U45-R45)/7),"") -> 4.8571429 | Z45: =IF(Y45="","",IF(F45="BOLSAS",IF(Y45<=6,"IN TIME","DELAYED"),IF(F45="CAJAS",IF(Y45<=8,"IN TIME","DELAYED"),IF(Y45<=6,"IN TIME","DELAYED")))) -> IN TIME | AA45: =IF(AND(ISBLANK(U45),ISBLANK(V45)),"",IF(ISBLANK(V45),U45,V45)) -> 46000 | AB45: =CONCAT(G45,H45) -> 140204953210
A46: =IF(B46="BUFKOR INC.","BUFKOR",IF(B46="CHIPPENHOOK","CHIPPENHOOK","SPECIALTY")) -> SPECIALTY | B46: {=IFERROR(XLOOKUP(G46&H46,SAP!K:K,SAP!A:A,0,0),"")} -> BUFKOR INC- | C46: =IFERROR(IF(OR('MASTER PLAN'!$B$2:$B$81="CHIPPENHOOK",'MASTER PLAN'!$B$2:$B$81="BUFKOR INC."),"USA",IF('MASTER PLAN'!$B$2:$B$81="SIGMAQ MEXICO S.A DE C.V","MX","SP")),"") -> SP | D46: RODNEY LLOYD | E46: =IFERROR(VLOOKUP(D46,REFERENCIAS!A:B,2,0),"") -> KENEDY TOBAR | F46: BOLSAS | G46: 1402049507 | H46: 10 | I46: {=IFERROR(XLOOKUP(G46&H46,SAP!K:K,SAP!D:D,0,0),"")} -> 10318221 | J46: {=UPPER(XLOOKUP(G46&H46,SAP!K:K,SAP!E:E,0,0))} -> BOLSA NA HOKU 159X90X210MM | K46: {=IFERROR(XLOOKUP(G46&H46,SAP!K:K,SAP!F:F,0,0),"")} -> 20000 | L46: {=IFERROR(XLOOKUP(G46&H46,SAP!K:K,SAP!G:G,0,0),"")} -> 19360 | M46: =IFERROR(L46/K46,0) -> 0.968 | N46: 0.2 | O46: =IFERROR(K46*(1+N46),0) -> 24000 | P46: 3352204 | Q46: 45973 | R46: {=IFERROR(XLOOKUP(G46&H46,SAP!K:K,SAP!H:H,0,0),"")} -> 45958 | S46: {=IFERROR(XLOOKUP(G46&H46,SAP!K:K,SAP!I:I,0,0),"")} -> 45996 | T46: 3000118004 | U46: 46021 | W46: ETA 04-Dic. Se despacharán 10,000 unidades solicitadas como prioridad. | X46: =IF(OR(U46<>0,V46<>0),"SCHEDULE","PENDING") -> SCHEDULE | Y46: =IF(U46<>0,IF(V46<>0,(V46-R46)/7,(U46-R46)/7),"") -> 9 | Z46: =IF(Y46="","",IF(F46="BOLSAS",IF(Y46<=6,"IN TIME","DELAYED"),IF(F46="CAJAS",IF(Y46<=8,"IN TIME","DELAYED"),IF(Y46<=6,"IN TIME","DELAYED")))) -> DELAYED | AA46: =IF(AND(ISBLANK(U46),ISBLANK(V46)),"",IF(ISBLANK(V46),U46,V46)) -> 46021 | AB46: =CONCAT(G46,H46) -> 140204950710
A47: =IF(B47="BUFKOR INC.","BUFKOR",IF(B47="CHIPPENHOOK","CHIPPENHOOK","SPECIALTY")) -> SPECIALTY | B47: {=IFERROR(XLOOKUP(G47&H47,SAP!K:K,SAP!A:A,0,0),"")} -> BUFKOR INC- | C47: =IFERROR(IF(OR('MASTER PLAN'!$B$2:$B$81="CHIPPENHOOK",'MASTER PLAN'!$B$2:$B$81="BUFKOR INC."),"USA",IF('MASTER PLAN'!$B$2:$B$81="SIGMAQ MEXICO S.A DE C.V","MX","SP")),"") -> SP | D47: RODNEY LLOYD | E47: =IFERROR(VLOOKUP(D47,REFERENCIAS!A:B,2,0),"") -> KENEDY TOBAR | F47: BOLSAS | G47: 1402049507 | H47: 20 | I47: {=IFERROR(XLOOKUP(G47&H47,SAP!K:K,SAP!D:D,0,0),"")} -> 10318223 | J47: {=UPPER(XLOOKUP(G47&H47,SAP!K:K,SAP!E:E,0,0))} -> BOLSA PEARL FACTORY 159X90X210MM | K47: {=IFERROR(XLOOKUP(G47&H47,SAP!K:K,SAP!F:F,0,0),"")} -> 20000 | L47: {=IFERROR(XLOOKUP(G47&H47,SAP!K:K,SAP!G:G,0,0),"")} -> 15200 | M47: =IFERROR(L47/K47,0) -> 0.76 | N47: 0.2 | O47: =IFERROR(K47*(1+N47),0) -> 24000 | P47: 3352205 | Q47: 45973 | R47: {=IFERROR(XLOOKUP(G47&H47,SAP!K:K,SAP!H:H,0,0),"")} -> 45958 | S47: {=IFERROR(XLOOKUP(G47&H47,SAP!K:K,SAP!I:I,0,0),"")} -> 45996 | T47: 3000118004 | U47: 46035 | W47: ETA 04-Dic | X47: =IF(OR(U47<>0,V47<>0),"SCHEDULE","PENDING") -> SCHEDULE | Y47: =IF(U47<>0,IF(V47<>0,(V47-R47)/7,(U47-R47)/7),"") -> 11 | Z47: =IF(Y47="","",IF(F47="BOLSAS",IF(Y47<=6,"IN TIME","DELAYED"),IF(F47="CAJAS",IF(Y47<=8,"IN TIME","DELAYED"),IF(Y47<=6,"IN TIME","DELAYED")))) -> DELAYED | AA47: =IF(AND(ISBLANK(U47),ISBLANK(V47)),"",IF(ISBLANK(V47),U47,V47)) -> 46035 | AB47: =CONCAT(G47,H47) -> 140204950720
A48: =IF(B48="BUFKOR INC.","BUFKOR",IF(B48="CHIPPENHOOK","CHIPPENHOOK","SPECIALTY")) -> SPECIALTY | B48: {=IFERROR(XLOOKUP(G48&H48,SAP!K:K,SAP!A:A,0,0),"")} -> BUFKOR INC- | C48: =IFERROR(IF(OR('MASTER PLAN'!$B$2:$B$81="CHIPPENHOOK",'MASTER PLAN'!$B$2:$B$81="BUFKOR INC."),"USA",IF('MASTER PLAN'!$B$2:$B$81="SIGMAQ MEXICO S.A DE C.V","MX","SP")),"") -> SP | D48: RODNEY LLOYD | E48: =IFERROR(VLOOKUP(D48,REFERENCIAS!A:B,2,0),"") -> KENEDY TOBAR | F48: BOLSAS | G48: 1402049498 | H48: 10 | I48: {=IFERROR(XLOOKUP(G48&H48,SAP!K:K,SAP!D:D,0,0),"")} -> 10335262 | J48: {=UPPER(XLOOKUP(G48&H48,SAP!K:K,SAP!E:E,0,0))} -> BOLSA ALBERTS JEWELERS 6-5"X3-5"X6-5" | K48: {=IFERROR(XLOOKUP(G48&H48,SAP!K:K,SAP!F:F,0,0),"")} -> 7000 | L48: {=IFERROR(XLOOKUP(G48&H48,SAP!K:K,SAP!G:G,0,0),"")} -> 6384 | M48: =IFERROR(L48/K48,0) -> 0.912 | N48: 0.2 | O48: =IFERROR(K48*(1+N48),0) -> 8400 | P48: 3352206 | Q48: 45973 | R48: {=IFERROR(XLOOKUP(G48&H48,SAP!K:K,SAP!H:H,0,0),"")} -> 45958 | S48: {=IFERROR(XLOOKUP(G48&H48,SAP!K:K,SAP!I:I,0,0),"")} -> 45989 | T48: 3000118528 | U48: 46017 | W48: Solped sin fecha en Basecamp. | X48: =IF(OR(U48<>0,V48<>0),"SCHEDULE","PENDING") -> SCHEDULE | Y48: =IF(U48<>0,IF(V48<>0,(V48-R48)/7,(U48-R48)/7),"") -> 8.4285714 | Z48: =IF(Y48="","",IF(F48="BOLSAS",IF(Y48<=6,"IN TIME","DELAYED"),IF(F48="CAJAS",IF(Y48<=8,"IN TIME","DELAYED"),IF(Y48<=6,"IN TIME","DELAYED")))) -> DELAYED | AA48: =IF(AND(ISBLANK(U48),ISBLANK(V48)),"",IF(ISBLANK(V48),U48,V48)) -> 46017 | AB48: =CONCAT(G48,H48) -> 140204949810
A49: =IF(B49="BUFKOR INC.","BUFKOR",IF(B49="CHIPPENHOOK","CHIPPENHOOK","SPECIALTY")) -> SPECIALTY | B49: {=IFERROR(XLOOKUP(G49&H49,SAP!K:K,SAP!A:A,0,0),"")} -> BUFKOR INC- | C49: =IFERROR(IF(OR('MASTER PLAN'!$B$2:$B$81="CHIPPENHOOK",'MASTER PLAN'!$B$2:$B$81="BUFKOR INC."),"USA",IF('MASTER PLAN'!$B$2:$B$81="SIGMAQ MEXICO S.A DE C.V","MX","SP")),"") -> SP | D49: ROY DALE GUSHWA | E49: =IFERROR(VLOOKUP(D49,REFERENCIAS!A:B,2,0),"") -> REYNALDO CARRANZA | F49: BOLSAS | G49: 1402049490 | H49: 10 | I49: {=IFERROR(XLOOKUP(G49&H49,SAP!K:K,SAP!D:D,0,0),"")} -> 10319404 | J49: {=UPPER(XLOOKUP(G49&H49,SAP!K:K,SAP!E:E,0,0))} -> BOLSA MAZZARESE 6-5"X3-5X6-5" | K49: {=IFERROR(XLOOKUP(G49&H49,SAP!K:K,SAP!F:F,0,0),"")} -> 1500 | L49: {=IFERROR(XLOOKUP(G49&H49,SAP!K:K,SAP!G:G,0,0),"")} -> 1452 | M49: =IFERROR(L49/K49,0) -> 0.968 | N49: 0.2 | O49: =IFERROR(K49*(1+N49),0) -> 1800 | P49: 3352207 | Q49: 45973 | R49: {=IFERROR(XLOOKUP(G49&H49,SAP!K:K,SAP!H:H,0,0),"")} -> 45953 | S49: {=IFERROR(XLOOKUP(G49&H49,SAP!K:K,SAP!I:I,0,0),"")} -> 45988 | T49: 3000117701 | U49: 46014 | W49: Hilo Recibido | X49: =IF(OR(U49<>0,V49<>0),"SCHEDULE","PENDING") -> SCHEDULE | Y49: =IF(U49<>0,IF(V49<>0,(V49-R49)/7,(U49-R49)/7),"") -> 8.7142857 | Z49: =IF(Y49="","",IF(F49="BOLSAS",IF(Y49<=6,"IN TIME","DELAYED"),IF(F49="CAJAS",IF(Y49<=8,"IN TIME","DELAYED"),IF(Y49<=6,"IN TIME","DELAYED")))) -> DELAYED | AA49: =IF(AND(ISBLANK(U49),ISBLANK(V49)),"",IF(ISBLANK(V49),U49,V49)) -> 46014 | AB49: =CONCAT(G49,H49) -> 140204949010
A50: =IF(B50="BUFKOR INC.","BUFKOR",IF(B50="CHIPPENHOOK","CHIPPENHOOK","SPECIALTY")) -> SPECIALTY | B50: {=IFERROR(XLOOKUP(G50&H50,SAP!K:K,SAP!A:A,0,0),"")} -> BUFKOR INC- | C50: =IFERROR(IF(OR('MASTER PLAN'!$B$2:$B$81="CHIPPENHOOK",'MASTER PLAN'!$B$2:$B$81="BUFKOR INC."),"USA",IF('MASTER PLAN'!$B$2:$B$81="SIGMAQ MEXICO S.A DE C.V","MX","SP")),"") -> SP | D50: JENNIFER BEAGLE | E50: =IFERROR(VLOOKUP(D50,REFERENCIAS!A:B,2,0),"") -> JAVIER MOLINA | F50: BOLSAS | G50: 1402049480 | H50: 10 | I50: {=IFERROR(XLOOKUP(G50&H50,SAP!K:K,SAP!D:D,0,0),"")} -> 10303818 | J50: {=UPPER(XLOOKUP(G50&H50,SAP!K:K,SAP!E:E,0,0))} -> BOLSA LEE BRANT 8"X4"X10" | K50: {=IFERROR(XLOOKUP(G50&H50,SAP!K:K,SAP!F:F,0,0),"")} -> 1000 | L50: {=IFERROR(XLOOKUP(G50&H50,SAP!K:K,SAP!G:G,0,0),"")} -> 1320 | M50: =IFERROR(L50/K50,0) -> 1.32 | N50: 0.2 | O50: =IFERROR(K50*(1+N50),0) -> 1200 | P50: 3352208 | Q50: 45973 | R50: {=IFERROR(XLOOKUP(G50&H50,SAP!K:K,SAP!H:H,0,0),"")} -> 45952 | S50: {=IFERROR(XLOOKUP(G50&H50,SAP!K:K,SAP!I:I,0,0),"")} -> 45994 | T50: 3000117533 | U50: 46017 | W50: ETA 07-Nov | X50: =IF(OR(U50<>0,V50<>0),"SCHEDULE","PENDING") -> SCHEDULE | Y50: =IF(U50<>0,IF(V50<>0,(V50-R50)/7,(U50-R50)/7),"") -> 9.2857143 | Z50: =IF(Y50="","",IF(F50="BOLSAS",IF(Y50<=6,"IN TIME","DELAYED"),IF(F50="CAJAS",IF(Y50<=8,"IN TIME","DELAYED"),IF(Y50<=6,"IN TIME","DELAYED")))) -> DELAYED | AA50: =IF(AND(ISBLANK(U50),ISBLANK(V50)),"",IF(ISBLANK(V50),U50,V50)) -> 46017 | AB50: =CONCAT(G50,H50) -> 140204948010
A51: =IF(B51="BUFKOR INC.","BUFKOR",IF(B51="CHIPPENHOOK","CHIPPENHOOK","SPECIALTY")) -> SPECIALTY | B51: {=IFERROR(XLOOKUP(G51&H51,SAP!K:K,SAP!A:A,0,0),"")} -> BUFKOR INC- | C51: =IFERROR(IF(OR('MASTER PLAN'!$B$2:$B$81="CHIPPENHOOK",'MASTER PLAN'!$B$2:$B$81="BUFKOR INC."),"USA",IF('MASTER PLAN'!$B$2:$B$81="SIGMAQ MEXICO S.A DE C.V","MX","SP")),"") -> SP | D51: JENNIFER BEAGLE | E51: =IFERROR(VLOOKUP(D51,REFERENCIAS!A:B,2,0),"") -> JAVIER MOLINA | F51: BOLSAS | G51: 1402049480 | H51: 20 | I51: {=IFERROR(XLOOKUP(G51&H51,SAP!K:K,SAP!D:D,0,0),"")} -> 10303818 | J51: {=UPPER(XLOOKUP(G51&H51,SAP!K:K,SAP!E:E,0,0))} -> BOLSA LEE BRANT 8"X4"X10" | K51: {=IFERROR(XLOOKUP(G51&H51,SAP!K:K,SAP!F:F,0,0),"")} -> 1000 | L51: {=IFERROR(XLOOKUP(G51&H51,SAP!K:K,SAP!G:G,0,0),"")} -> 1320 | M51: =IFERROR(L51/K51,0) -> 1.32 | N51: 0.2 | O51: =IFERROR(K51*(1+N51),0) -> 1200 | P51: 3352209 | Q51: 45973 | R51: {=IFERROR(XLOOKUP(G51&H51,SAP!K:K,SAP!H:H,0,0),"")} -> 45952 | S51: {=IFERROR(XLOOKUP(G51&H51,SAP!K:K,SAP!I:I,0,0),"")} -> 45994 | T51: 3000117533 | U51: 46017 | W51: ETA 07-Nov | X51: =IF(OR(U51<>0,V51<>0),"SCHEDULE","PENDING") -> SCHEDULE | Y51: =IF(U51<>0,IF(V51<>0,(V51-R51)/7,(U51-R51)/7),"") -> 9.2857143 | Z51: =IF(Y51="","",IF(F51="BOLSAS",IF(Y51<=6,"IN TIME","DELAYED"),IF(F51="CAJAS",IF(Y51<=8,"IN TIME","DELAYED"),IF(Y51<=6,"IN TIME","DELAYED")))) -> DELAYED | AA51: =IF(AND(ISBLANK(U51),ISBLANK(V51)),"",IF(ISBLANK(V51),U51,V51)) -> 46017 | AB51: =CONCAT(G51,H51) -> 140204948020
A52: =IF(B52="BUFKOR INC.","BUFKOR",IF(B52="CHIPPENHOOK","CHIPPENHOOK","SPECIALTY")) -> SPECIALTY | B52: {=IFERROR(XLOOKUP(G52&H52,SAP!K:K,SAP!A:A,0,0),"")} -> BUFKOR INC- | C52: =IFERROR(IF(OR('MASTER PLAN'!$B$2:$B$81="CHIPPENHOOK",'MASTER PLAN'!$B$2:$B$81="BUFKOR INC."),"USA",IF('MASTER PLAN'!$B$2:$B$81="SIGMAQ MEXICO S.A DE C.V","MX","SP")),"") -> SP | D52: RODNEY LLOYD | E52: =IFERROR(VLOOKUP(D52,REFERENCIAS!A:B,2,0),"") -> KENEDY TOBAR | F52: BOLSAS | G52: 1402049475 | H52: 10 | I52: {=IFERROR(XLOOKUP(G52&H52,SAP!K:K,SAP!D:D,0,0),"")} -> 10330281 | J52: {=UPPER(XLOOKUP(G52&H52,SAP!K:K,SAP!E:E,0,0))} -> BOLSA ROTTERMOND 9-75"X4"X7" | K52: {=IFERROR(XLOOKUP(G52&H52,SAP!K:K,SAP!F:F,0,0),"")} -> 1500 | L52: {=IFERROR(XLOOKUP(G52&H52,SAP!K:K,SAP!G:G,0,0),"")} -> 5436 | M52: =IFERROR(L52/K52,0) -> 3.624 | N52: 0.2 | O52: =IFERROR(K52*(1+N52),0) -> 1800 | P52: 3352210 | Q52: 45973 | R52: {=IFERROR(XLOOKUP(G52&H52,SAP!K:K,SAP!H:H,0,0),"")} -> 45951 | S52: {=IFERROR(XLOOKUP(G52&H52,SAP!K:K,SAP!I:I,0,0),"")} -> 45996 | T52: 3000117533 | U52: 46028 | W52: ETA 03-Dic | X52: =IF(OR(U52<>0,V52<>0),"SCHEDULE","PENDING") -> SCHEDULE | Y52: =IF(U52<>0,IF(V52<>0,(V52-R52)/7,(U52-R52)/7),"") -> 11 | Z52: =IF(Y52="","",IF(F52="BOLSAS",IF(Y52<=6,"IN TIME","DELAYED"),IF(F52="CAJAS",IF(Y52<=8,"IN TIME","DELAYED"),IF(Y52<=6,"IN TIME","DELAYED")))) -> DELAYED | AA52: =IF(AND(ISBLANK(U52),ISBLANK(V52)),"",IF(ISBLANK(V52),U52,V52)) -> 46028 | AB52: =CONCAT(G52,H52) -> 140204947510
A53: =IF(B53="BUFKOR INC.","BUFKOR",IF(B53="CHIPPENHOOK","CHIPPENHOOK","SPECIALTY")) -> SPECIALTY | B53: {=IFERROR(XLOOKUP(G53&H53,SAP!K:K,SAP!A:A,0,0),"")} -> BUFKOR INC- | C53: =IFERROR(IF(OR('MASTER PLAN'!$B$2:$B$81="CHIPPENHOOK",'MASTER PLAN'!$B$2:$B$81="BUFKOR INC."),"USA",IF('MASTER PLAN'!$B$2:$B$81="SIGMAQ MEXICO S.A DE C.V","MX","SP")),"") -> SP | D53: RODNEY LLOYD | E53: =IFERROR(VLOOKUP(D53,REFERENCIAS!A:B,2,0),"") -> KENEDY TOBAR | F53: BOLSAS | G53: 1402049402 | H53: 10 | I53: {=IFERROR(XLOOKUP(G53&H53,SAP!K:K,SAP!D:D,0,0),"")} -> 10303149 | J53: {=UPPER(XLOOKUP(G53&H53,SAP!K:K,SAP!E:E,0,0))} -> BOLSA LAWRENCE(GOLD CASTER)10-5"X5X8-25" | K53: {=IFERROR(XLOOKUP(G53&H53,SAP!K:K,SAP!F:F,0,0),"")} -> 3000 | L53: {=IFERROR(XLOOKUP(G53&H53,SAP!K:K,SAP!G:G,0,0),"")} -> 4944 | M53: =IFERROR(L53/K53,0) -> 1.648 | N53: 0.2 | O53: =IFERROR(K53*(1+N53),0) -> 3600 | P53: 3351137 | Q53: 45968 | R53: {=IFERROR(XLOOKUP(G53&H53,SAP!K:K,SAP!H:H,0,0),"")} -> 45930 | S53: {=IFERROR(XLOOKUP(G53&H53,SAP!K:K,SAP!I:I,0,0),"")} -> 45968 | T53: 3000116427 | U53: 46010 | W53: ETA 12-Nov | X53: =IF(OR(U53<>0,V53<>0),"SCHEDULE","PENDING") -> SCHEDULE | Y53: =IF(U53<>0,IF(V53<>0,(V53-R53)/7,(U53-R53)/7),"") -> 11.428571 | Z53: =IF(Y53="","",IF(F53="BOLSAS",IF(Y53<=6,"IN TIME","DELAYED"),IF(F53="CAJAS",IF(Y53<=8,"IN TIME","DELAYED"),IF(Y53<=6,"IN TIME","DELAYED")))) -> DELAYED | AA53: =IF(AND(ISBLANK(U53),ISBLANK(V53)),"",IF(ISBLANK(V53),U53,V53)) -> 46010 | AB53: =CONCAT(G53,H53) -> 140204940210
A54: =IF(B54="BUFKOR INC.","BUFKOR",IF(B54="CHIPPENHOOK","CHIPPENHOOK","SPECIALTY")) -> SPECIALTY | B54: {=IFERROR(XLOOKUP(G54&H54,SAP!K:K,SAP!A:A,0,0),"")} -> BUFKOR INC- | C54: =IFERROR(IF(OR('MASTER PLAN'!$B$2:$B$81="CHIPPENHOOK",'MASTER PLAN'!$B$2:$B$81="BUFKOR INC."),"USA",IF('MASTER PLAN'!$B$2:$B$81="SIGMAQ MEXICO S.A DE C.V","MX","SP")),"") -> SP | D54: RODNEY LLOYD | E54: =IFERROR(VLOOKUP(D54,REFERENCIAS!A:B,2,0),"") -> KENEDY TOBAR | F54: BOLSAS | G54: 1402049466 | H54: 10 | I54: {=IFERROR(XLOOKUP(G54&H54,SAP!K:K,SAP!D:D,0,0),"")} -> 10334816 | J54: {=UPPER(XLOOKUP(G54&H54,SAP!K:K,SAP!E:E,0,0))} -> BOLSA ROGERS ENTERPRISES 10"X4"X7-75" | K54: {=IFERROR(XLOOKUP(G54&H54,SAP!K:K,SAP!F:F,0,0),"")} -> 30000 | L54: {=IFERROR(XLOOKUP(G54&H54,SAP!K:K,SAP!G:G,0,0),"")} -> 31920 | M54: =IFERROR(L54/K54,0) -> 1.064 | N54: 0.2 | O54: =IFERROR(K54*(1+N54),0) -> 36000 | P54: 3352211 | Q54: 45973 | R54: {=IFERROR(XLOOKUP(G54&H54,SAP!K:K,SAP!H:H,0,0),"")} -> 45947 | S54: {=IFERROR(XLOOKUP(G54&H54,SAP!K:K,SAP!I:I,0,0),"")} -> 45982 | T54: 3000117533 | U54: 46038 | W54: ETA 22-Dic | X54: =IF(OR(U54<>0,V54<>0),"SCHEDULE","PENDING") -> SCHEDULE | Y54: =IF(U54<>0,IF(V54<>0,(V54-R54)/7,(U54-R54)/7),"") -> 13 | Z54: =IF(Y54="","",IF(F54="BOLSAS",IF(Y54<=6,"IN TIME","DELAYED"),IF(F54="CAJAS",IF(Y54<=8,"IN TIME","DELAYED"),IF(Y54<=6,"IN TIME","DELAYED")))) -> DELAYED | AA54: =IF(AND(ISBLANK(U54),ISBLANK(V54)),"",IF(ISBLANK(V54),U54,V54)) -> 46038 | AB54: =CONCAT(G54,H54) -> 140204946610
A55: =IF(B55="BUFKOR INC.","BUFKOR",IF(B55="CHIPPENHOOK","CHIPPENHOOK","SPECIALTY")) -> SPECIALTY | B55: {=IFERROR(XLOOKUP(G55&H55,SAP!K:K,SAP!A:A,0,0),"")} -> BUFKOR INC- | C55: =IFERROR(IF(OR('MASTER PLAN'!$B$2:$B$81="CHIPPENHOOK",'MASTER PLAN'!$B$2:$B$81="BUFKOR INC."),"USA",IF('MASTER PLAN'!$B$2:$B$81="SIGMAQ MEXICO S.A DE C.V","MX","SP")),"") -> SP | D55: ROY DALE GUSHWA | E55: =IFERROR(VLOOKUP(D55,REFERENCIAS!A:B,2,0),"") -> REYNALDO CARRANZA | F55: BOLSAS | G55: 1402049444 | H55: 10 | I55: {=IFERROR(XLOOKUP(G55&H55,SAP!K:K,SAP!D:D,0,0),"")} -> 10277464 | J55: {=UPPER(XLOOKUP(G55&H55,SAP!K:K,SAP!E:E,0,0))} -> BOLSA AMERICUS DIAMOND 6-5X3-5X6-5 | K55: {=IFERROR(XLOOKUP(G55&H55,SAP!K:K,SAP!F:F,0,0),"")} -> 3000 | L55: {=IFERROR(XLOOKUP(G55&H55,SAP!K:K,SAP!G:G,0,0),"")} -> 2232 | M55: =IFERROR(L55/K55,0) -> 0.744 | N55: 0.2 | O55: =IFERROR(K55*(1+N55),0) -> 3600 | P55: 3352212 | Q55: 45973 | R55: {=IFERROR(XLOOKUP(G55&H55,SAP!K:K,SAP!H:H,0,0),"")} -> 45944 | S55: {=IFERROR(XLOOKUP(G55&H55,SAP!K:K,SAP!I:I,0,0),"")} -> 45972 | T55: 3000117175 | U55: 46010 | W55: ETA 12-Nov | X55: =IF(OR(U55<>0,V55<>0),"SCHEDULE","PENDING") -> SCHEDULE | Y55: =IF(U55<>0,IF(V55<>0,(V55-R55)/7,(U55-R55)/7),"") -> 9.4285714 | Z55: =IF(Y55="","",IF(F55="BOLSAS",IF(Y55<=6,"IN TIME","DELAYED"),IF(F55="CAJAS",IF(Y55<=8,"IN TIME","DELAYED"),IF(Y55<=6,"IN TIME","DELAYED")))) -> DELAYED | AA55: =IF(AND(ISBLANK(U55),ISBLANK(V55)),"",IF(ISBLANK(V55),U55,V55)) -> 46010 | AB55: =CONCAT(G55,H55) -> 140204944410
A56: =IF(B56="BUFKOR INC.","BUFKOR",IF(B56="CHIPPENHOOK","CHIPPENHOOK","SPECIALTY")) -> SPECIALTY | B56: {=IFERROR(XLOOKUP(G56&H56,SAP!K:K,SAP!A:A,0,0),"")} -> BUFKOR INC- | C56: =IFERROR(IF(OR('MASTER PLAN'!$B$2:$B$81="CHIPPENHOOK",'MASTER PLAN'!$B$2:$B$81="BUFKOR INC."),"USA",IF('MASTER PLAN'!$B$2:$B$81="SIGMAQ MEXICO S.A DE C.V","MX","SP")),"") -> SP | D56: RODNEY LLOYD | E56: =IFERROR(VLOOKUP(D56,REFERENCIAS!A:B,2,0),"") -> KENEDY TOBAR | F56: BOLSAS | G56: 1402049421 | H56: 10 | I56: {=IFERROR(XLOOKUP(G56&H56,SAP!K:K,SAP!D:D,0,0),"")} -> 10341631 | J56: {=UPPER(XLOOKUP(G56&H56,SAP!K:K,SAP!E:E,0,0))} -> BOLSA WEDDING RING SHOP 9-75X4X6-5 IN FL | K56: {=IFERROR(XLOOKUP(G56&H56,SAP!K:K,SAP!F:F,0,0),"")} -> 2000 | L56: {=IFERROR(XLOOKUP(G56&H56,SAP!K:K,SAP!G:G,0,0),"")} -> 2640 | M56: =IFERROR(L56/K56,0) -> 1.32 | N56: 0.2 | O56: =IFERROR(K56*(1+N56),0) -> 2400 | P56: 3346928 | Q56: 45945 | R56: {=IFERROR(XLOOKUP(G56&H56,SAP!K:K,SAP!H:H,0,0),"")} -> 45936 | S56: {=IFERROR(XLOOKUP(G56&H56,SAP!K:K,SAP!I:I,0,0),"")} -> 46007 | T56: 3000116806 | W56: Solped sin fecha en Basecamp. Línea externa Melissa. Sale PT de P3 el 15-Dic. | X56: =IF(OR(U56<>0,V56<>0),"SCHEDULE","PENDING") -> PENDING | Y56: =IF(U56<>0,IF(V56<>0,(V56-R56)/7,(U56-R56)/7),"") | Z56: =IF(Y56="","",IF(F56="BOLSAS",IF(Y56<=6,"IN TIME","DELAYED"),IF(F56="CAJAS",IF(Y56<=8,"IN TIME","DELAYED"),IF(Y56<=6,"IN TIME","DELAYED")))) | AA56: =IF(AND(ISBLANK(U56),ISBLANK(V56)),"",IF(ISBLANK(V56),U56,V56)) | AB56: =CONCAT(G56,H56) -> 140204942110
A57: =IF(B57="BUFKOR INC.","BUFKOR",IF(B57="CHIPPENHOOK","CHIPPENHOOK","SPECIALTY")) -> SPECIALTY | B57: {=IFERROR(XLOOKUP(G57&H57,SAP!K:K,SAP!A:A,0,0),"")} -> SIGMAQ MEXICO S-A DE C-V | C57: =IFERROR(IF(OR('MASTER PLAN'!$B$2:$B$81="CHIPPENHOOK",'MASTER PLAN'!$B$2:$B$81="BUFKOR INC."),"USA",IF('MASTER PLAN'!$B$2:$B$81="SIGMAQ MEXICO S.A DE C.V","MX","SP")),"") -> SP | D57: ROSA MARÍA TEJADA | E57: =IFERROR(VLOOKUP(D57,REFERENCIAS!A:B,2,0),"") -> ULISES HERNANDEZ | F57: BOLSAS | G57: 1402049419 | H57: 10 | I57: {=IFERROR(XLOOKUP(G57&H57,SAP!K:K,SAP!D:D,0,0),"")} -> 10341808 | J57: {=UPPER(XLOOKUP(G57&H57,SAP!K:K,SAP!E:E,0,0))} -> BOLSA COMERCIAL SORIA 10X4X8 IN FC | K57: {=IFERROR(XLOOKUP(G57&H57,SAP!K:K,SAP!F:F,0,0),"")} -> 1500 | L57: {=IFERROR(XLOOKUP(G57&H57,SAP!K:K,SAP!G:G,0,0),"")} -> 2265 | M57: =IFERROR(L57/K57,0) -> 1.51 | N57: 0.2 | O57: =IFERROR(K57*(1+N57),0) -> 1800 | P57: 3352213 | Q57: 45973 | R57: {=IFERROR(XLOOKUP(G57&H57,SAP!K:K,SAP!H:H,0,0),"")} -> 45936 | S57: {=IFERROR(XLOOKUP(G57&H57,SAP!K:K,SAP!I:I,0,0),"")} -> 45979 | T57: 3000117995 | U57: 46014 | W57: ETA 27-Nov | X57: =IF(OR(U57<>0,V57<>0),"SCHEDULE","PENDING") -> SCHEDULE | Y57: =IF(U57<>0,IF(V57<>0,(V57-R57)/7,(U57-R57)/7),"") -> 11.142857 | Z57: =IF(Y57="","",IF(F57="BOLSAS",IF(Y57<=6,"IN TIME","DELAYED"),IF(F57="CAJAS",IF(Y57<=8,"IN TIME","DELAYED"),IF(Y57<=6,"IN TIME","DELAYED")))) -> DELAYED | AA57: =IF(AND(ISBLANK(U57),ISBLANK(V57)),"",IF(ISBLANK(V57),U57,V57)) -> 46014 | AB57: =CONCAT(G57,H57) -> 140204941910
A58: =IF(B58="BUFKOR INC.","BUFKOR",IF(B58="CHIPPENHOOK","CHIPPENHOOK","SPECIALTY")) -> SPECIALTY | B58: {=IFERROR(XLOOKUP(G58&H58,SAP!K:K,SAP!A:A,0,0),"")} -> SIGMAQ MEXICO S-A DE C-V | C58: =IFERROR(IF(OR('MASTER PLAN'!$B$2:$B$81="CHIPPENHOOK",'MASTER PLAN'!$B$2:$B$81="BUFKOR INC."),"USA",IF('MASTER PLAN'!$B$2:$B$81="SIGMAQ MEXICO S.A DE C.V","MX","SP")),"") -> SP | D58: ROSA MARÍA TEJADA | E58: =IFERROR(VLOOKUP(D58,REFERENCIAS!A:B,2,0),"") -> ULISES HERNANDEZ | F58: BOLSAS | G58: 1402049419 | H58: 20 | I58: {=IFERROR(XLOOKUP(G58&H58,SAP!K:K,SAP!D:D,0,0),"")} -> 10341809 | J58: {=UPPER(XLOOKUP(G58&H58,SAP!K:K,SAP!E:E,0,0))} -> BOLSA COMERCIAL SORIA 6-5X3-5X6-5 IN FC | K58: {=IFERROR(XLOOKUP(G58&H58,SAP!K:K,SAP!F:F,0,0),"")} -> 1500 | L58: {=IFERROR(XLOOKUP(G58&H58,SAP!K:K,SAP!G:G,0,0),"")} -> 1665 | M58: =IFERROR(L58/K58,0) -> 1.11 | N58: 0.2 | O58: =IFERROR(K58*(1+N58),0) -> 1800 | P58: 3352214 | Q58: 45973 | R58: {=IFERROR(XLOOKUP(G58&H58,SAP!K:K,SAP!H:H,0,0),"")} -> 45936 | S58: {=IFERROR(XLOOKUP(G58&H58,SAP!K:K,SAP!I:I,0,0),"")} -> 45979 | T58: 3000117995 | U58: 46014 | W58: ETA 27-Nov | X58: =IF(OR(U58<>0,V58<>0),"SCHEDULE","PENDING") -> SCHEDULE | Y58: =IF(U58<>0,IF(V58<>0,(V58-R58)/7,(U58-R58)/7),"") -> 11.142857 | Z58: =IF(Y58="","",IF(F58="BOLSAS",IF(Y58<=6,"IN TIME","DELAYED"),IF(F58="CAJAS",IF(Y58<=8,"IN TIME","DELAYED"),IF(Y58<=6,"IN TIME","DELAYED")))) -> DELAYED | AA58: =IF(AND(ISBLANK(U58),ISBLANK(V58)),"",IF(ISBLANK(V58),U58,V58)) -> 46014 | AB58: =CONCAT(G58,H58) -> 140204941920
A59: =IF(B59="BUFKOR INC.","BUFKOR",IF(B59="CHIPPENHOOK","CHIPPENHOOK","SPECIALTY")) -> SPECIALTY | B59: {=IFERROR(XLOOKUP(G59&H59,SAP!K:K,SAP!A:A,0,0),"")} -> UNIPACK, S-A- DE C-V- | C59: =IFERROR(IF(OR('MASTER PLAN'!$B$2:$B$81="CHIPPENHOOK",'MASTER PLAN'!$B$2:$B$81="BUFKOR INC."),"USA",IF('MASTER PLAN'!$B$2:$B$81="SIGMAQ MEXICO S.A DE C.V","MX","SP")),"") -> SP | D59: ALICIA DE SALAZAR | E59: =IFERROR(VLOOKUP(D59,REFERENCIAS!A:B,2,0),"") -> MELISSA MELENDEZ | F59: BOLSAS | G59: 1402049321 | H59: 10 | I59: {=IFERROR(XLOOKUP(G59&H59,SAP!K:K,SAP!D:D,0,0),"")} -> 10275715 | J59: {=UPPER(XLOOKUP(G59&H59,SAP!K:K,SAP!E:E,0,0))} -> BOLSA BRILLANTI 6-5"X3-5"X6-5" | K59: {=IFERROR(XLOOKUP(G59&H59,SAP!K:K,SAP!F:F,0,0),"")} -> 2500 | L59: {=IFERROR(XLOOKUP(G59&H59,SAP!K:K,SAP!G:G,0,0),"")} -> 1925 | M59: =IFERROR(L59/K59,0) -> 0.77 | N59: 0.2 | O59: =IFERROR(K59*(1+N59),0) -> 3000 | P59: 3350512 | Q59: 45965 | R59: {=IFERROR(XLOOKUP(G59&H59,SAP!K:K,SAP!H:H,0,0),"")} -> 45965 | S59: {=IFERROR(XLOOKUP(G59&H59,SAP!K:K,SAP!I:I,0,0),"")} -> 45972 | U59: 45986 | W59: Materiales en Stock | X59: =IF(OR(U59<>0,V59<>0),"SCHEDULE","PENDING") -> SCHEDULE | Y59: =IF(U59<>0,IF(V59<>0,(V59-R59)/7,(U59-R59)/7),"") -> 3 | Z59: =IF(Y59="","",IF(F59="BOLSAS",IF(Y59<=6,"IN TIME","DELAYED"),IF(F59="CAJAS",IF(Y59<=8,"IN TIME","DELAYED"),IF(Y59<=6,"IN TIME","DELAYED")))) -> IN TIME | AA59: =IF(AND(ISBLANK(U59),ISBLANK(V59)),"",IF(ISBLANK(V59),U59,V59)) -> 45986 | AB59: =CONCAT(G59,H59) -> 140204932110
A60: =IF(B60="BUFKOR INC.","BUFKOR",IF(B60="CHIPPENHOOK","CHIPPENHOOK","SPECIALTY")) -> SPECIALTY | B60: {=IFERROR(XLOOKUP(G60&H60,SAP!K:K,SAP!A:A,0,0),"")} -> BUFKOR INC- | C60: =IFERROR(IF(OR('MASTER PLAN'!$B$2:$B$81="CHIPPENHOOK",'MASTER PLAN'!$B$2:$B$81="BUFKOR INC."),"USA",IF('MASTER PLAN'!$B$2:$B$81="SIGMAQ MEXICO S.A DE C.V","MX","SP")),"") -> SP | D60: ROSA MARÍA TEJADA | E60: =IFERROR(VLOOKUP(D60,REFERENCIAS!A:B,2,0),"") -> ULISES HERNANDEZ | F60: BOLSAS | G60: 1402049543 | H60: 10 | I60: {=IFERROR(XLOOKUP(G60&H60,SAP!K:K,SAP!D:D,0,0),"")} -> 10293780 | J60: {=UPPER(XLOOKUP(G60&H60,SAP!K:K,SAP!E:E,0,0))} -> BOLSA J-C- JEWELERS 10"X4"X8" -BLUE | K60: {=IFERROR(XLOOKUP(G60&H60,SAP!K:K,SAP!F:F,0,0),"")} -> 1500 | L60: {=IFERROR(XLOOKUP(G60&H60,SAP!K:K,SAP!G:G,0,0),"")} -> 4935 | M60: =IFERROR(L60/K60,0) -> 3.29 | N60: 0.2 | O60: =IFERROR(K60*(1+N60),0) -> 1800 | P60: 3353931 | Q60: 45982 | R60: {=IFERROR(XLOOKUP(G60&H60,SAP!K:K,SAP!H:H,0,0),"")} -> 45971 | S60: {=IFERROR(XLOOKUP(G60&H60,SAP!K:K,SAP!I:I,0,0),"")} -> 46031 | T60: 3000118927 | U60: 46031 | W60: ETA 24-Nov | X60: =IF(OR(U60<>0,V60<>0),"SCHEDULE","PENDING") -> SCHEDULE | Y60: =IF(U60<>0,IF(V60<>0,(V60-R60)/7,(U60-R60)/7),"") -> 8.5714286 | Z60: =IF(Y60="","",IF(F60="BOLSAS",IF(Y60<=6,"IN TIME","DELAYED"),IF(F60="CAJAS",IF(Y60<=8,"IN TIME","DELAYED"),IF(Y60<=6,"IN TIME","DELAYED")))) -> DELAYED | AA60: =IF(AND(ISBLANK(U60),ISBLANK(V60)),"",IF(ISBLANK(V60),U60,V60)) -> 46031 | AB60: =CONCAT(G60,H60) -> 140204954310
A61: =IF(B61="BUFKOR INC.","BUFKOR",IF(B61="CHIPPENHOOK","CHIPPENHOOK","SPECIALTY")) -> SPECIALTY | B61: {=IFERROR(XLOOKUP(G61&H61,SAP!K:K,SAP!A:A,0,0),"")} -> HOLISTIC SKIN GUATEMALA | C61: =IFERROR(IF(OR('MASTER PLAN'!$B$2:$B$81="CHIPPENHOOK",'MASTER PLAN'!$B$2:$B$81="BUFKOR INC."),"USA",IF('MASTER PLAN'!$B$2:$B$81="SIGMAQ MEXICO S.A DE C.V","MX","SP")),"") -> SP | D61: ROSA MARÍA TEJADA | E61: =IFERROR(VLOOKUP(D61,REFERENCIAS!A:B,2,0),"") -> ULISES HERNANDEZ | F61: CAJAS | G61: 1402048469 | H61: 20 | I61: {=IFERROR(XLOOKUP(G61&H61,SAP!K:K,SAP!D:D,0,0),"")} -> 10338264 | J61: {=UPPER(XLOOKUP(G61&H61,SAP!K:K,SAP!E:E,0,0))} -> SKINCARE OIL - HIGH END BOX | K61: {=IFERROR(XLOOKUP(G61&H61,SAP!K:K,SAP!F:F,0,0),"")} -> 2500 | L61: {=IFERROR(XLOOKUP(G61&H61,SAP!K:K,SAP!G:G,0,0),"")} -> 21425 | M61: =IFERROR(L61/K61,0) -> 8.57 | N61: 0.3 | O61: =IFERROR(K61*(1+N61),0) -> 3250 | P61: 3310969 | Q61: 45835 | R61: {=IFERROR(XLOOKUP(G61&H61,SAP!K:K,SAP!H:H,0,0),"")} -> 45723 | S61: {=IFERROR(XLOOKUP(G61&H61,SAP!K:K,SAP!I:I,0,0),"")} -> 46022 | W61: Resto de órdenes: 3310959, 3310960, 3310961, 3310965, 3310969 | X61: =IF(OR(U61<>0,V61<>0),"SCHEDULE","PENDING") -> PENDING | Y61: =IF(U61<>0,IF(V61<>0,(V61-R61)/7,(U61-R61)/7),"") | Z61: =IF(Y61="","",IF(F61="BOLSAS",IF(Y61<=6,"IN TIME","DELAYED"),IF(F61="CAJAS",IF(Y61<=8,"IN TIME","DELAYED"),IF(Y61<=6,"IN TIME","DELAYED")))) | AA61: =IF(AND(ISBLANK(U61),ISBLANK(V61)),"",IF(ISBLANK(V61),U61,V61)) | AB61: =CONCAT(G61,H61) -> 140204846920
A62: =IF(B62="BUFKOR INC.","BUFKOR",IF(B62="CHIPPENHOOK","CHIPPENHOOK","SPECIALTY")) -> SPECIALTY | B62: {=IFERROR(XLOOKUP(G62&H62,SAP!K:K,SAP!A:A,0,0),"")} -> BUFKOR INC- | C62: =IFERROR(IF(OR('MASTER PLAN'!$B$2:$B$81="CHIPPENHOOK",'MASTER PLAN'!$B$2:$B$81="BUFKOR INC."),"USA",IF('MASTER PLAN'!$B$2:$B$81="SIGMAQ MEXICO S.A DE C.V","MX","SP")),"") -> SP | D62: LES UNGER | E62: =IFERROR(VLOOKUP(D62,REFERENCIAS!A:B,2,0),"") -> SANTOS CORNEJO | F62: CAJAS | G62: 1402049268 | H62: 10 | I62: {=IFERROR(XLOOKUP(G62&H62,SAP!K:K,SAP!D:D,0,0),"")} -> 10334969 | J62: {=UPPER(XLOOKUP(G62&H62,SAP!K:K,SAP!E:E,0,0))} -> ESTUCHE FLEMING 4 CHOCOLATES 2024 | K62: {=IFERROR(XLOOKUP(G62&H62,SAP!K:K,SAP!F:F,0,0),"")} -> 35700 | L62: {=IFERROR(XLOOKUP(G62&H62,SAP!K:K,SAP!G:G,0,0),"")} -> 22134 | M62: =IFERROR(L62/K62,0) -> 0.62 | N62: 0.1 | O62: =IFERROR(K62*(1+N62),0) -> 39270 | P62: 3349170 | Q62: 45958 | R62: {=IFERROR(XLOOKUP(G62&H62,SAP!K:K,SAP!H:H,0,0),"")} -> 45905 | S62: {=IFERROR(XLOOKUP(G62&H62,SAP!K:K,SAP!I:I,0,0),"")} -> 45905 | W62: Resto de órdenes: 3349167, 3349168, 3349169. | X62: =IF(OR(U62<>0,V62<>0),"SCHEDULE","PENDING") -> PENDING | Y62: =IF(U62<>0,IF(V62<>0,(V62-R62)/7,(U62-R62)/7),"") | Z62: =IF(Y62="","",IF(F62="BOLSAS",IF(Y62<=6,"IN TIME","DELAYED"),IF(F62="CAJAS",IF(Y62<=8,"IN TIME","DELAYED"),IF(Y62<=6,"IN TIME","DELAYED")))) | AA62: =IF(AND(ISBLANK(U62),ISBLANK(V62)),"",IF(ISBLANK(V62),U62,V62)) | AB62: =CONCAT(G62,H62) -> 140204926810
A63: =IF(B63="BUFKOR INC.","BUFKOR",IF(B63="CHIPPENHOOK","CHIPPENHOOK","SPECIALTY")) -> SPECIALTY | B63: {=IFERROR(XLOOKUP(G63&H63,SAP!K:K,SAP!A:A,0,0),"")} -> BUFKOR INC- | C63: =IFERROR(IF(OR('MASTER PLAN'!$B$2:$B$81="CHIPPENHOOK",'MASTER PLAN'!$B$2:$B$81="BUFKOR INC."),"USA",IF('MASTER PLAN'!$B$2:$B$81="SIGMAQ MEXICO S.A DE C.V","MX","SP")),"") -> SP | D63: LES UNGER | E63: =IFERROR(VLOOKUP(D63,REFERENCIAS!A:B,2,0),"") -> SANTOS CORNEJO | F63: CAJAS | G63: 1402049269 | H63: 10 | I63: {=IFERROR(XLOOKUP(G63&H63,SAP!K:K,SAP!D:D,0,0),"")} -> 10334969 | J63: {=UPPER(XLOOKUP(G63&H63,SAP!K:K,SAP!E:E,0,0))} -> ESTUCHE FLEMING 4 CHOCOLATES 2024 | K63: {=IFERROR(XLOOKUP(G63&H63,SAP!K:K,SAP!F:F,0,0),"")} -> 35700 | L63: {=IFERROR(XLOOKUP(G63&H63,SAP!K:K,SAP!G:G,0,0),"")} -> 22134 | M63: =IFERROR(L63/K63,0) -> 0.62 | N63: 0.1 | O63: =IFERROR(K63*(1+N63),0) -> 39270 | P63: 3349177 | Q63: 45961 | R63: {=IFERROR(XLOOKUP(G63&H63,SAP!K:K,SAP!H:H,0,0),"")} -> 45905 | S63: {=IFERROR(XLOOKUP(G63&H63,SAP!K:K,SAP!I:I,0,0),"")} -> 45905 | W63: Resto de órdenes: 3349172, 3349173, 3349175. | X63: =IF(OR(U63<>0,V63<>0),"SCHEDULE","PENDING") -> PENDING | Y63: =IF(U63<>0,IF(V63<>0,(V63-R63)/7,(U63-R63)/7),"") | Z63: =IF(Y63="","",IF(F63="BOLSAS",IF(Y63<=6,"IN TIME","DELAYED"),IF(F63="CAJAS",IF(Y63<=8,"IN TIME","DELAYED"),IF(Y63<=6,"IN TIME","DELAYED")))) | AA63: =IF(AND(ISBLANK(U63),ISBLANK(V63)),"",IF(ISBLANK(V63),U63,V63)) | AB63: =CONCAT(G63,H63) -> 140204926910
A64: =IF(B64="BUFKOR INC.","BUFKOR",IF(B64="CHIPPENHOOK","CHIPPENHOOK","SPECIALTY")) -> SPECIALTY | B64: {=IFERROR(XLOOKUP(G64&H64,SAP!K:K,SAP!A:A,0,0),"")} -> PATRON SPIRITS MEXICO S-A DE C-V | C64: =IFERROR(IF(OR('MASTER PLAN'!$B$2:$B$81="CHIPPENHOOK",'MASTER PLAN'!$B$2:$B$81="BUFKOR INC."),"USA",IF('MASTER PLAN'!$B$2:$B$81="SIGMAQ MEXICO S.A DE C.V","MX","SP")),"") -> SP | D64: ELIO TORRES | E64: =IFERROR(VLOOKUP(D64,REFERENCIAS!A:B,2,0),"") -> TATIANA IRAHETA | F64: CAJAS | G64: 1402049378 | H64: 20 | I64: {=IFERROR(XLOOKUP(G64&H64,SAP!K:K,SAP!D:D,0,0),"")} -> 10333392 | J64: {=UPPER(XLOOKUP(G64&H64,SAP!K:K,SAP!E:E,0,0))} -> 8151050296_IB 1X70 EL ALTO GEX 700ML | K64: {=IFERROR(XLOOKUP(G64&H64,SAP!K:K,SAP!F:F,0,0),"")} -> 772 | L64: {=IFERROR(XLOOKUP(G64&H64,SAP!K:K,SAP!G:G,0,0),"")} -> 11024.16 | M64: =IFERROR(L64/K64,0) -> 14.28 | N64: 0.2 | O64: =IFERROR(K64*(1+N64),0) -> 926.4 | P64: 3342767 | Q64: 45926 | R64: {=IFERROR(XLOOKUP(G64&H64,SAP!K:K,SAP!H:H,0,0),"")} -> 45925 | S64: {=IFERROR(XLOOKUP(G64&H64,SAP!K:K,SAP!I:I,0,0),"")} -> 45982 | W64: Resto de órdenes: 3342762, 3342763, 3342764, 3342765, 3342766. | X64: =IF(OR(U64<>0,V64<>0),"SCHEDULE","PENDING") -> PENDING | Y64: =IF(U64<>0,IF(V64<>0,(V64-R64)/7,(U64-R64)/7),"") | Z64: =IF(Y64="","",IF(F64="BOLSAS",IF(Y64<=6,"IN TIME","DELAYED"),IF(F64="CAJAS",IF(Y64<=8,"IN TIME","DELAYED"),IF(Y64<=6,"IN TIME","DELAYED")))) | AA64: =IF(AND(ISBLANK(U64),ISBLANK(V64)),"",IF(ISBLANK(V64),U64,V64)) | AB64: =CONCAT(G64,H64) -> 140204937820
A65: =IF(B65="BUFKOR INC.","BUFKOR",IF(B65="CHIPPENHOOK","CHIPPENHOOK","SPECIALTY")) -> SPECIALTY | B65: {=IFERROR(XLOOKUP(G65&H65,SAP!K:K,SAP!A:A,0,0),"")} -> PATRON SPIRITS MEXICO S-A DE C-V | C65: =IFERROR(IF(OR('MASTER PLAN'!$B$2:$B$81="CHIPPENHOOK",'MASTER PLAN'!$B$2:$B$81="BUFKOR INC."),"USA",IF('MASTER PLAN'!$B$2:$B$81="SIGMAQ MEXICO S.A DE C.V","MX","SP")),"") -> SP | D65: ELIO TORRES | E65: =IFERROR(VLOOKUP(D65,REFERENCIAS!A:B,2,0),"") -> TATIANA IRAHETA | F65: CAJAS | G65: 1402049440 | H65: 10 | I65: {=IFERROR(XLOOKUP(G65&H65,SAP!K:K,SAP!D:D,0,0),"")} -> 10334743 | J65: {=UPPER(XLOOKUP(G65&H65,SAP!K:K,SAP!E:E,0,0))} -> 8151043729_IB 1X75 EL ALTO USA 750ML | K65: {=IFERROR(XLOOKUP(G65&H65,SAP!K:K,SAP!F:F,0,0),"")} -> 10100 | L65: {=IFERROR(XLOOKUP(G65&H65,SAP!K:K,SAP!G:G,0,0),"")} -> 144228 | M65: =IFERROR(L65/K65,0) -> 14.28 | N65: 0.2 | O65: =IFERROR(K65*(1+N65),0) -> 12120 | P65: 3350117 | Q65: 45964 | R65: {=IFERROR(XLOOKUP(G65&H65,SAP!K:K,SAP!H:H,0,0),"")} -> 45943 | S65: {=IFERROR(XLOOKUP(G65&H65,SAP!K:K,SAP!I:I,0,0),"")} -> 46021 | W65: Resto de órdenes: 3348800, 3350104, 3350106, 3350109, 3350111. | X65: =IF(OR(U65<>0,V65<>0),"SCHEDULE","PENDING") -> PENDING | Y65: =IF(U65<>0,IF(V65<>0,(V65-R65)/7,(U65-R65)/7),"") | Z65: =IF(Y65="","",IF(F65="BOLSAS",IF(Y65<=6,"IN TIME","DELAYED"),IF(F65="CAJAS",IF(Y65<=8,"IN TIME","DELAYED"),IF(Y65<=6,"IN TIME","DELAYED")))) | AA65: =IF(AND(ISBLANK(U65),ISBLANK(V65)),"",IF(ISBLANK(V65),U65,V65)) | AB65: =CONCAT(G65,H65) -> 140204944010
A66: =IF(B66="BUFKOR INC.","BUFKOR",IF(B66="CHIPPENHOOK","CHIPPENHOOK","SPECIALTY")) -> SPECIALTY | B66: {=IFERROR(XLOOKUP(G66&H66,SAP!K:K,SAP!A:A,0,0),"")} -> UNIPACK, S-A- DE C-V- | C66: =IFERROR(IF(OR('MASTER PLAN'!$B$2:$B$81="CHIPPENHOOK",'MASTER PLAN'!$B$2:$B$81="BUFKOR INC."),"USA",IF('MASTER PLAN'!$B$2:$B$81="SIGMAQ MEXICO S.A DE C.V","MX","SP")),"") -> SP | D66: ALICIA DE SALAZAR | E66: =IFERROR(VLOOKUP(D66,REFERENCIAS!A:B,2,0),"") -> MELISSA MELENDEZ | F66: CAJAS | G66: 1402049443 | H66: 10 | I66: {=IFERROR(XLOOKUP(G66&H66,SAP!K:K,SAP!D:D,0,0),"")} -> 10308826 | J66: {=UPPER(XLOOKUP(G66&H66,SAP!K:K,SAP!E:E,0,0))} -> ESTUCHE THE COFFEE CUP | K66: {=IFERROR(XLOOKUP(G66&H66,SAP!K:K,SAP!F:F,0,0),"")} -> 1000 | L66: {=IFERROR(XLOOKUP(G66&H66,SAP!K:K,SAP!G:G,0,0),"")} -> 4620 | M66: =IFERROR(L66/K66,0) -> 4.62 | N66: 0.3 | O66: =IFERROR(K66*(1+N66),0) -> 1300 | P66: 3353481 | Q66: 45980 | R66: {=IFERROR(XLOOKUP(G66&H66,SAP!K:K,SAP!H:H,0,0),"")} -> 45943 | S66: {=IFERROR(XLOOKUP(G66&H66,SAP!K:K,SAP!I:I,0,0),"")} -> 45992 | W66: Resto de órdenes: 3353477, 3353478, 3353479, 3353480. | X66: =IF(OR(U66<>0,V66<>0),"SCHEDULE","PENDING") -> PENDING | Y66: =IF(U66<>0,IF(V66<>0,(V66-R66)/7,(U66-R66)/7),"") | Z66: =IF(Y66="","",IF(F66="BOLSAS",IF(Y66<=6,"IN TIME","DELAYED"),IF(F66="CAJAS",IF(Y66<=8,"IN TIME","DELAYED"),IF(Y66<=6,"IN TIME","DELAYED")))) | AA66: =IF(AND(ISBLANK(U66),ISBLANK(V66)),"",IF(ISBLANK(V66),U66,V66)) | AB66: =CONCAT(G66,H66) -> 140204944310
A67: =IF(B67="BUFKOR INC.","BUFKOR",IF(B67="CHIPPENHOOK","CHIPPENHOOK","SPECIALTY")) -> SPECIALTY | B67: {=IFERROR(XLOOKUP(G67&H67,SAP!K:K,SAP!A:A,0,0),"")} -> ANEJOS DE ALTURA, S-A- | C67: =IFERROR(IF(OR('MASTER PLAN'!$B$2:$B$81="CHIPPENHOOK",'MASTER PLAN'!$B$2:$B$81="BUFKOR INC."),"USA",IF('MASTER PLAN'!$B$2:$B$81="SIGMAQ MEXICO S.A DE C.V","MX","SP")),"") -> SP | D67: ANNA STEPHANIE LASS | E67: =IFERROR(VLOOKUP(D67,REFERENCIAS!A:B,2,0),"") -> TATIANA IRAHETA | F67: CAJAS | G67: 1402049459 | H67: 10 | I67: {=IFERROR(XLOOKUP(G67&H67,SAP!K:K,SAP!D:D,0,0),"")} -> 10341894 | J67: {=UPPER(XLOOKUP(G67&H67,SAP!K:K,SAP!E:E,0,0))} -> 16007447 IBC RZC XO 750ML USA RED B/B | K67: {=IFERROR(XLOOKUP(G67&H67,SAP!K:K,SAP!F:F,0,0),"")} -> 6000 | L67: {=IFERROR(XLOOKUP(G67&H67,SAP!K:K,SAP!G:G,0,0),"")} -> 55200 | M67: =IFERROR(L67/K67,0) -> 9.2 | N67: 0.25 | O67: =IFERROR(K67*(1+N67),0) -> 7500 | P67: 3348429 | Q67: 45953 | R67: {=IFERROR(XLOOKUP(G67&H67,SAP!K:K,SAP!H:H,0,0),"")} -> 45946 | S67: {=IFERROR(XLOOKUP(G67&H67,SAP!K:K,SAP!I:I,0,0),"")} -> 45996 | W67: Resto de órdenes: 3348424, 3348426, 3348427, 3348428. | X67: =IF(OR(U67<>0,V67<>0),"SCHEDULE","PENDING") -> PENDING | Y67: =IF(U67<>0,IF(V67<>0,(V67-R67)/7,(U67-R67)/7),"") | Z67: =IF(Y67="","",IF(F67="BOLSAS",IF(Y67<=6,"IN TIME","DELAYED"),IF(F67="CAJAS",IF(Y67<=8,"IN TIME","DELAYED"),IF(Y67<=6,"IN TIME","DELAYED")))) | AA67: =IF(AND(ISBLANK(U67),ISBLANK(V67)),"",IF(ISBLANK(V67),U67,V67)) | AB67: =CONCAT(G67,H67) -> 140204945910
A68: =IF(B68="BUFKOR INC.","BUFKOR",IF(B68="CHIPPENHOOK","CHIPPENHOOK","SPECIALTY")) -> SPECIALTY | B68: {=IFERROR(XLOOKUP(G68&H68,SAP!K:K,SAP!A:A,0,0),"")} -> ANEJOS DE ALTURA, S-A- | C68: =IFERROR(IF(OR('MASTER PLAN'!$B$2:$B$81="CHIPPENHOOK",'MASTER PLAN'!$B$2:$B$81="BUFKOR INC."),"USA",IF('MASTER PLAN'!$B$2:$B$81="SIGMAQ MEXICO S.A DE C.V","MX","SP")),"") -> SP | D68: ANNA STEPHANIE LASS | E68: =IFERROR(VLOOKUP(D68,REFERENCIAS!A:B,2,0),"") -> TATIANA IRAHETA | F68: CAJAS | G68: 1402049512 | H68: 10 | I68: {=IFERROR(XLOOKUP(G68&H68,SAP!K:K,SAP!D:D,0,0),"")} -> 10341894 | J68: {=UPPER(XLOOKUP(G68&H68,SAP!K:K,SAP!E:E,0,0))} -> 16007447 IBC RZC XO 750ML USA RED B/B | K68: {=IFERROR(XLOOKUP(G68&H68,SAP!K:K,SAP!F:F,0,0),"")} -> 6000 | L68: {=IFERROR(XLOOKUP(G68&H68,SAP!K:K,SAP!G:G,0,0),"")} -> 55200 | M68: =IFERROR(L68/K68,0) -> 9.2 | N68: 0.25 | O68: =IFERROR(K68*(1+N68),0) -> 7500 | P68: 3350399 | Q68: 45965 | R68: {=IFERROR(XLOOKUP(G68&H68,SAP!K:K,SAP!H:H,0,0),"")} -> 45959 | S68: {=IFERROR(XLOOKUP(G68&H68,SAP!K:K,SAP!I:I,0,0),"")} -> 45959 | W68: Resto de órdenes: 3350387, 3350388, 3350397, 3350398. | X68: =IF(OR(U68<>0,V68<>0),"SCHEDULE","PENDING") -> PENDING | Y68: =IF(U68<>0,IF(V68<>0,(V68-R68)/7,(U68-R68)/7),"") | Z68: =IF(Y68="","",IF(F68="BOLSAS",IF(Y68<=6,"IN TIME","DELAYED"),IF(F68="CAJAS",IF(Y68<=8,"IN TIME","DELAYED"),IF(Y68<=6,"IN TIME","DELAYED")))) | AA68: =IF(AND(ISBLANK(U68),ISBLANK(V68)),"",IF(ISBLANK(V68),U68,V68)) | AB68: =CONCAT(G68,H68) -> 140204951210
A69: =IF(B69="BUFKOR INC.","BUFKOR",IF(B69="CHIPPENHOOK","CHIPPENHOOK","SPECIALTY")) -> SPECIALTY | B69: {=IFERROR(XLOOKUP(G69&H69,SAP!K:K,SAP!A:A,0,0),"")} -> UNIPACK, S-A- DE C-V- | C69: =IFERROR(IF(OR('MASTER PLAN'!$B$2:$B$81="CHIPPENHOOK",'MASTER PLAN'!$B$2:$B$81="BUFKOR INC."),"USA",IF('MASTER PLAN'!$B$2:$B$81="SIGMAQ MEXICO S.A DE C.V","MX","SP")),"") -> SP | D69: ALICIA DE SALAZAR | E69: =IFERROR(VLOOKUP(D69,REFERENCIAS!A:B,2,0),"") -> MELISSA MELENDEZ | F69: CAJAS | G69: 1402049569 | H69: 10 | I69: {=IFERROR(XLOOKUP(G69&H69,SAP!K:K,SAP!D:D,0,0),"")} -> 10342542 | J69: {=UPPER(XLOOKUP(G69&H69,SAP!K:K,SAP!E:E,0,0))} -> ESTUCHE RON DE AUTOR | K69: {=IFERROR(XLOOKUP(G69&H69,SAP!K:K,SAP!F:F,0,0),"")} -> 7500 | L69: {=IFERROR(XLOOKUP(G69&H69,SAP!K:K,SAP!G:G,0,0),"")} -> 29700 | M69: =IFERROR(L69/K69,0) -> 3.96 | N69: 0.2 | O69: =IFERROR(K69*(1+N69),0) -> 9000 | P69: 3353845 | Q69: 45981 | R69: {=IFERROR(XLOOKUP(G69&H69,SAP!K:K,SAP!H:H,0,0),"")} -> 45978 | S69: {=IFERROR(XLOOKUP(G69&H69,SAP!K:K,SAP!I:I,0,0),"")} -> 45999 | W69: Resto de órdenes: 3353837, 3353838, 3353839, 3353840. | X69: =IF(OR(U69<>0,V69<>0),"SCHEDULE","PENDING") -> PENDING | Y69: =IF(U69<>0,IF(V69<>0,(V69-R69)/7,(U69-R69)/7),"") | Z69: =IF(Y69="","",IF(F69="BOLSAS",IF(Y69<=6,"IN TIME","DELAYED"),IF(F69="CAJAS",IF(Y69<=8,"IN TIME","DELAYED"),IF(Y69<=6,"IN TIME","DELAYED")))) | AA69: =IF(AND(ISBLANK(U69),ISBLANK(V69)),"",IF(ISBLANK(V69),U69,V69)) | AB69: =CONCAT(G69,H69) -> 140204956910
A70: =IF(B70="BUFKOR INC.","BUFKOR",IF(B70="CHIPPENHOOK","CHIPPENHOOK","SPECIALTY")) -> SPECIALTY | B70: {=IFERROR(XLOOKUP(G70&H70,SAP!K:K,SAP!A:A,0,0),"")} -> ANEJOS DE ALTURA, S.A. | C70: =IFERROR(IF(OR('MASTER PLAN'!$B$2:$B$81="CHIPPENHOOK",'MASTER PLAN'!$B$2:$B$81="BUFKOR INC."),"USA",IF('MASTER PLAN'!$B$2:$B$81="SIGMAQ MEXICO S.A DE C.V","MX","SP")),"") -> SP | D70: ANNA STEPHANIE LASS | E70: =IFERROR(VLOOKUP(D70,REFERENCIAS!A:B,2,0),"") -> TATIANA IRAHETA | F70: CANISTER | G70: 1402049552 | H70: 10 | I70: {=IFERROR(XLOOKUP(G70&H70,SAP!K:K,SAP!D:D,0,0),"")} -> 10318295 | J70: {=UPPER(XLOOKUP(G70&H70,SAP!K:K,SAP!E:E,0,0))} -> 16006285 CANISTER RZC EN 750ML USA 2021 | K70: {=IFERROR(XLOOKUP(G70&H70,SAP!K:K,SAP!F:F,0,0),"")} -> 5904 | L70: {=IFERROR(XLOOKUP(G70&H70,SAP!K:K,SAP!G:G,0,0),"")} -> 15645.6 | M70: =IFERROR(L70/K70,0) -> 2.65 | N70: 0.25 | O70: =IFERROR(K70*(1+N70),0) -> 7380 | P70: 3354235 | Q70: 45985 | R70: {=IFERROR(XLOOKUP(G70&H70,SAP!K:K,SAP!H:H,0,0),"")} -> 45974 | S70: {=IFERROR(XLOOKUP(G70&H70,SAP!K:K,SAP!I:I,0,0),"")} -> 46001 | W70: Resto de órdenes: 3354232, 3354236. | X70: =IF(OR(U70<>0,V70<>0),"SCHEDULE","PENDING") -> PENDING | Y70: =IF(U70<>0,IF(V70<>0,(V70-R70)/7,(U70-R70)/7),"") | Z70: =IF(Y70="","",IF(F70="BOLSAS",IF(Y70<=6,"IN TIME","DELAYED"),IF(F70="CAJAS",IF(Y70<=8,"IN TIME","DELAYED"),IF(Y70<=6,"IN TIME","DELAYED")))) | AA70: =IF(AND(ISBLANK(U70),ISBLANK(V70)),"",IF(ISBLANK(V70),U70,V70)) | AB70: =CONCAT(G70,H70) -> 140204955210
A71: =IF(B71="BUFKOR INC.","BUFKOR",IF(B71="CHIPPENHOOK","CHIPPENHOOK","SPECIALTY")) -> SPECIALTY | B71: {=IFERROR(XLOOKUP(G71&H71,SAP!K:K,SAP!A:A,0,0),"")} -> JOYERIA GARZON, S.A. | C71: =IFERROR(IF(OR('MASTER PLAN'!$B$2:$B$81="CHIPPENHOOK",'MASTER PLAN'!$B$2:$B$81="BUFKOR INC."),"USA",IF('MASTER PLAN'!$B$2:$B$81="SIGMAQ MEXICO S.A DE C.V","MX","SP")),"") -> SP | D71: ALICIA DE SALAZAR | E71: =IFERROR(VLOOKUP(D71,REFERENCIAS!A:B,2,0),"") -> MELISSA MELENDEZ | F71: BOLSAS | G71: 1402049559 | H71: 10 | I71: {=IFERROR(XLOOKUP(G71&H71,SAP!K:K,SAP!D:D,0,0),"")} -> 10331823 | J71: {=UPPER(XLOOKUP(G71&H71,SAP!K:K,SAP!E:E,0,0))} -> BOLSA JOYERIA GARZON 4.75"X3.5"X6" | K71: {=IFERROR(XLOOKUP(G71&H71,SAP!K:K,SAP!F:F,0,0),"")} -> 2000 | L71: {=IFERROR(XLOOKUP(G71&H71,SAP!K:K,SAP!G:G,0,0),"")} -> 1600 | M71: =IFERROR(L71/K71,0) -> 0.8 | N71: 0.2 | O71: =IFERROR(K71*(1+N71),0) -> 2400 | P71: 3354980 | Q71: 45987 | R71: {=IFERROR(XLOOKUP(G71&H71,SAP!K:K,SAP!H:H,0,0),"")} -> 45975 | S71: {=IFERROR(XLOOKUP(G71&H71,SAP!K:K,SAP!I:I,0,0),"")} -> 46036 | U71: 46036 | W71: Materiales en Stock | X71: =IF(OR(U71<>0,V71<>0),"SCHEDULE","PENDING") -> SCHEDULE | Y71: =IF(U71<>0,IF(V71<>0,(V71-R71)/7,(U71-R71)/7),"") -> 8.7142857 | Z71: =IF(Y71="","",IF(F71="BOLSAS",IF(Y71<=6,"IN TIME","DELAYED"),IF(F71="CAJAS",IF(Y71<=8,"IN TIME","DELAYED"),IF(Y71<=6,"IN TIME","DELAYED")))) -> DELAYED | AA71: =IF(AND(ISBLANK(U71),ISBLANK(V71)),"",IF(ISBLANK(V71),U71,V71)) -> 46036 | AB71: =CONCAT(G71,H71) -> 140204955910
A72: =IF(B72="BUFKOR INC.","BUFKOR",IF(B72="CHIPPENHOOK","CHIPPENHOOK","SPECIALTY")) -> BUFKOR | B72: {=IFERROR(XLOOKUP(G72&H72,SAP!K:K,SAP!A:A,0,0),"")} -> BUFKOR INC. | C72: =IFERROR(IF(OR('MASTER PLAN'!$B$2:$B$81="CHIPPENHOOK",'MASTER PLAN'!$B$2:$B$81="BUFKOR INC."),"USA",IF('MASTER PLAN'!$B$2:$B$81="SIGMAQ MEXICO S.A DE C.V","MX","SP")),"") -> USA | D72: ROY DALE GUSHWA | E72: =IFERROR(VLOOKUP(D72,REFERENCIAS!A:B,2,0),"") -> REYNALDO CARRANZA | F72: BOLSAS | G72: 1402049562 | H72: 10 | I72: {=IFERROR(XLOOKUP(G72&H72,SAP!K:K,SAP!D:D,0,0),"")} -> 10321977 | J72: {=UPPER(XLOOKUP(G72&H72,SAP!K:K,SAP!E:E,0,0))} -> BOLSA NAIFEH JEWELRY 8"X4"X10" | K72: {=IFERROR(XLOOKUP(G72&H72,SAP!K:K,SAP!F:F,0,0),"")} -> 2000 | L72: {=IFERROR(XLOOKUP(G72&H72,SAP!K:K,SAP!G:G,0,0),"")} -> 2016 | M72: =IFERROR(L72/K72,0) -> 1.008 | N72: 0.2 | O72: =IFERROR(K72*(1+N72),0) -> 2400 | P72: 3354981 | Q72: 45987 | R72: {=IFERROR(XLOOKUP(G72&H72,SAP!K:K,SAP!H:H,0,0),"")} -> 45975 | S72: {=IFERROR(XLOOKUP(G72&H72,SAP!K:K,SAP!I:I,0,0),"")} -> 46010 | X72: =IF(OR(U72<>0,V72<>0),"SCHEDULE","PENDING") -> PENDING | Y72: =IF(U72<>0,IF(V72<>0,(V72-R72)/7,(U72-R72)/7),"") | Z72: =IF(Y72="","",IF(F72="BOLSAS",IF(Y72<=6,"IN TIME","DELAYED"),IF(F72="CAJAS",IF(Y72<=8,"IN TIME","DELAYED"),IF(Y72<=6,"IN TIME","DELAYED")))) | AA72: =IF(AND(ISBLANK(U72),ISBLANK(V72)),"",IF(ISBLANK(V72),U72,V72)) | AB72: =CONCAT(G72,H72) -> 140204956210
A73: =IF(B73="BUFKOR INC.","BUFKOR",IF(B73="CHIPPENHOOK","CHIPPENHOOK","SPECIALTY")) -> BUFKOR | B73: {=IFERROR(XLOOKUP(G73&H73,SAP!K:K,SAP!A:A,0,0),"")} -> BUFKOR INC. | C73: =IFERROR(IF(OR('MASTER PLAN'!$B$2:$B$81="CHIPPENHOOK",'MASTER PLAN'!$B$2:$B$81="BUFKOR INC."),"USA",IF('MASTER PLAN'!$B$2:$B$81="SIGMAQ MEXICO S.A DE C.V","MX","SP")),"") -> USA | D73: ROY DALE GUSHWA | E73: =IFERROR(VLOOKUP(D73,REFERENCIAS!A:B,2,0),"") -> REYNALDO CARRANZA | F73: BOLSAS | G73: 1402049563 | H73: 10 | I73: {=IFERROR(XLOOKUP(G73&H73,SAP!K:K,SAP!D:D,0,0),"")} -> 10282640 | J73: {=UPPER(XLOOKUP(G73&H73,SAP!K:K,SAP!E:E,0,0))} -> BLS JEWELRY DESIGN CENTER 6.5"X3.5"X6.5" | K73: {=IFERROR(XLOOKUP(G73&H73,SAP!K:K,SAP!F:F,0,0),"")} -> 3000 | L73: {=IFERROR(XLOOKUP(G73&H73,SAP!K:K,SAP!G:G,0,0),"")} -> 2208 | M73: =IFERROR(L73/K73,0) -> 0.736 | N73: 0.2 | O73: =IFERROR(K73*(1+N73),0) -> 3600 | P73: 3354982 | Q73: 45987 | R73: {=IFERROR(XLOOKUP(G73&H73,SAP!K:K,SAP!H:H,0,0),"")} -> 45975 | S73: {=IFERROR(XLOOKUP(G73&H73,SAP!K:K,SAP!I:I,0,0),"")} -> 46010 | X73: =IF(OR(U73<>0,V73<>0),"SCHEDULE","PENDING") -> PENDING | Y73: =IF(U73<>0,IF(V73<>0,(V73-R73)/7,(U73-R73)/7),"") | Z73: =IF(Y73="","",IF(F73="BOLSAS",IF(Y73<=6,"IN TIME","DELAYED"),IF(F73="CAJAS",IF(Y73<=8,"IN TIME","DELAYED"),IF(Y73<=6,"IN TIME","DELAYED")))) | AA73: =IF(AND(ISBLANK(U73),ISBLANK(V73)),"",IF(ISBLANK(V73),U73,V73)) | AB73: =CONCAT(G73,H73) -> 140204956310
A74: =IF(B74="BUFKOR INC.","BUFKOR",IF(B74="CHIPPENHOOK","CHIPPENHOOK","SPECIALTY")) -> BUFKOR | B74: {=IFERROR(XLOOKUP(G74&H74,SAP!K:K,SAP!A:A,0,0),"")} -> BUFKOR INC. | C74: =IFERROR(IF(OR('MASTER PLAN'!$B$2:$B$81="CHIPPENHOOK",'MASTER PLAN'!$B$2:$B$81="BUFKOR INC."),"USA",IF('MASTER PLAN'!$B$2:$B$81="SIGMAQ MEXICO S.A DE C.V","MX","SP")),"") -> USA | D74: ROY DALE GUSHWA | E74: =IFERROR(VLOOKUP(D74,REFERENCIAS!A:B,2,0),"") -> REYNALDO CARRANZA | F74: BOLSAS | G74: 1402049563 | H74: 20 | I74: {=IFERROR(XLOOKUP(G74&H74,SAP!K:K,SAP!D:D,0,0),"")} -> 10282657 | J74: {=UPPER(XLOOKUP(G74&H74,SAP!K:K,SAP!E:E,0,0))} -> BLS JEWELRY DESIGN CENTER 12"X5"X9" | K74: {=IFERROR(XLOOKUP(G74&H74,SAP!K:K,SAP!F:F,0,0),"")} -> 1500 | L74: {=IFERROR(XLOOKUP(G74&H74,SAP!K:K,SAP!G:G,0,0),"")} -> 2772 | M74: =IFERROR(L74/K74,0) -> 1.848 | N74: 0.2 | O74: =IFERROR(K74*(1+N74),0) -> 1800 | P74: 3354983 | Q74: 45987 | R74: {=IFERROR(XLOOKUP(G74&H74,SAP!K:K,SAP!H:H,0,0),"")} -> 45975 | S74: {=IFERROR(XLOOKUP(G74&H74,SAP!K:K,SAP!I:I,0,0),"")} -> 46010 | X74: =IF(OR(U74<>0,V74<>0),"SCHEDULE","PENDING") -> PENDING | Y74: =IF(U74<>0,IF(V74<>0,(V74-R74)/7,(U74-R74)/7),"") | Z74: =IF(Y74="","",IF(F74="BOLSAS",IF(Y74<=6,"IN TIME","DELAYED"),IF(F74="CAJAS",IF(Y74<=8,"IN TIME","DELAYED"),IF(Y74<=6,"IN TIME","DELAYED")))) | AA74: =IF(AND(ISBLANK(U74),ISBLANK(V74)),"",IF(ISBLANK(V74),U74,V74)) | AB74: =CONCAT(G74,H74) -> 140204956320
A75: =IF(B75="BUFKOR INC.","BUFKOR",IF(B75="CHIPPENHOOK","CHIPPENHOOK","SPECIALTY")) -> SPECIALTY | B75: {=IFERROR(XLOOKUP(G75&H75,SAP!K:K,SAP!A:A,0,0),"")} -> Sileo Timeless Jewelry SAS | C75: =IFERROR(IF(OR('MASTER PLAN'!$B$2:$B$81="CHIPPENHOOK",'MASTER PLAN'!$B$2:$B$81="BUFKOR INC."),"USA",IF('MASTER PLAN'!$B$2:$B$81="SIGMAQ MEXICO S.A DE C.V","MX","SP")),"") -> SP | D75: ROSA MARÍA TEJADA | E75: =IFERROR(VLOOKUP(D75,REFERENCIAS!A:B,2,0),"") -> ULISES HERNANDEZ | F75: BOLSAS | G75: 1402049568 | H75: 10 | I75: {=IFERROR(XLOOKUP(G75&H75,SAP!K:K,SAP!D:D,0,0),"")} -> 10342401 | J75: {=UPPER(XLOOKUP(G75&H75,SAP!K:K,SAP!E:E,0,0))} -> BOLSA SILEO 10X4X8 IN | K75: {=IFERROR(XLOOKUP(G75&H75,SAP!K:K,SAP!F:F,0,0),"")} -> 2000 | L75: {=IFERROR(XLOOKUP(G75&H75,SAP!K:K,SAP!G:G,0,0),"")} -> 3960 | M75: =IFERROR(L75/K75,0) -> 1.98 | N75: 0.2 | O75: =IFERROR(K75*(1+N75),0) -> 2400 | P75: 3354984 | Q75: 45987 | R75: {=IFERROR(XLOOKUP(G75&H75,SAP!K:K,SAP!H:H,0,0),"")} -> 45978 | S75: {=IFERROR(XLOOKUP(G75&H75,SAP!K:K,SAP!I:I,0,0),"")} -> 46038 | T75: 3000119270 | U75: 46036 | W75: ETA 07-Ene | X75: =IF(OR(U75<>0,V75<>0),"SCHEDULE","PENDING") -> SCHEDULE | Y75: =IF(U75<>0,IF(V75<>0,(V75-R75)/7,(U75-R75)/7),"") -> 8.2857143 | Z75: =IF(Y75="","",IF(F75="BOLSAS",IF(Y75<=6,"IN TIME","DELAYED"),IF(F75="CAJAS",IF(Y75<=8,"IN TIME","DELAYED"),IF(Y75<=6,"IN TIME","DELAYED")))) -> DELAYED | AA75: =IF(AND(ISBLANK(U75),ISBLANK(V75)),"",IF(ISBLANK(V75),U75,V75)) -> 46036 | AB75: =CONCAT(G75,H75) -> 140204956810
A76: =IF(B76="BUFKOR INC.","BUFKOR",IF(B76="CHIPPENHOOK","CHIPPENHOOK","SPECIALTY")) -> SPECIALTY | B76: {=IFERROR(XLOOKUP(G76&H76,SAP!K:K,SAP!A:A,0,0),"")} -> SIGMAQ MEXICO S.A DE C.V | C76: =IFERROR(IF(OR('MASTER PLAN'!$B$2:$B$81="CHIPPENHOOK",'MASTER PLAN'!$B$2:$B$81="BUFKOR INC."),"USA",IF('MASTER PLAN'!$B$2:$B$81="SIGMAQ MEXICO S.A DE C.V","MX","SP")),"") -> MX | D76: ROSA MARÍA TEJADA | E76: =IFERROR(VLOOKUP(D76,REFERENCIAS!A:B,2,0),"") -> ULISES HERNANDEZ | F76: BOLSAS | G76: 1402049570 | H76: 10 | I76: {=IFERROR(XLOOKUP(G76&H76,SAP!K:K,SAP!D:D,0,0),"")} -> 10342419 | J76: {=UPPER(XLOOKUP(G76&H76,SAP!K:K,SAP!E:E,0,0))} -> BARBARA MADERO 160X100X140 MM | K76: {=IFERROR(XLOOKUP(G76&H76,SAP!K:K,SAP!F:F,0,0),"")} -> 1500 | L76: {=IFERROR(XLOOKUP(G76&H76,SAP!K:K,SAP!G:G,0,0),"")} -> 2625 | M76: =IFERROR(L76/K76,0) -> 1.75 | N76: 0.2 | O76: =IFERROR(K76*(1+N76),0) -> 1800 | P76: 3354985 | Q76: 45987 | R76: {=IFERROR(XLOOKUP(G76&H76,SAP!K:K,SAP!H:H,0,0),"")} -> 45978 | S76: {=IFERROR(XLOOKUP(G76&H76,SAP!K:K,SAP!I:I,0,0),"")} -> 46038 | X76: =IF(OR(U76<>0,V76<>0),"SCHEDULE","PENDING") -> PENDING | Y76: =IF(U76<>0,IF(V76<>0,(V76-R76)/7,(U76-R76)/7),"") | Z76: =IF(Y76="","",IF(F76="BOLSAS",IF(Y76<=6,"IN TIME","DELAYED"),IF(F76="CAJAS",IF(Y76<=8,"IN TIME","DELAYED"),IF(Y76<=6,"IN TIME","DELAYED")))) | AA76: =IF(AND(ISBLANK(U76),ISBLANK(V76)),"",IF(ISBLANK(V76),U76,V76)) | AB76: =CONCAT(G76,H76) -> 140204957010
A77: =IF(B77="BUFKOR INC.","BUFKOR",IF(B77="CHIPPENHOOK","CHIPPENHOOK","SPECIALTY")) -> SPECIALTY | B77: {=IFERROR(XLOOKUP(G77&H77,SAP!K:K,SAP!A:A,0,0),"")} -> UNIPACK, S.A. DE C.V. | C77: =IFERROR(IF(OR('MASTER PLAN'!$B$2:$B$81="CHIPPENHOOK",'MASTER PLAN'!$B$2:$B$81="BUFKOR INC."),"USA",IF('MASTER PLAN'!$B$2:$B$81="SIGMAQ MEXICO S.A DE C.V","MX","SP")),"") -> SP | D77: ALICIA DE SALAZAR | E77: =IFERROR(VLOOKUP(D77,REFERENCIAS!A:B,2,0),"") -> MELISSA MELENDEZ | F77: BOLSAS | G77: 1402049582 | H77: 10 | I77: {=IFERROR(XLOOKUP(G77&H77,SAP!K:K,SAP!D:D,0,0),"")} -> 10333118 | J77: {=UPPER(XLOOKUP(G77&H77,SAP!K:K,SAP!E:E,0,0))} -> BOLSA CASA DE ORO 4.5"X2.375"X5.75" EST | K77: {=IFERROR(XLOOKUP(G77&H77,SAP!K:K,SAP!F:F,0,0),"")} -> 1500 | L77: {=IFERROR(XLOOKUP(G77&H77,SAP!K:K,SAP!G:G,0,0),"")} -> 1065 | M77: =IFERROR(L77/K77,0) -> 0.71 | N77: 0.2 | O77: =IFERROR(K77*(1+N77),0) -> 1800 | P77: 3354986 | Q77: 45987 | R77: {=IFERROR(XLOOKUP(G77&H77,SAP!K:K,SAP!H:H,0,0),"")} -> 45980 | S77: {=IFERROR(XLOOKUP(G77&H77,SAP!K:K,SAP!I:I,0,0),"")} -> 46038 | X77: =IF(OR(U77<>0,V77<>0),"SCHEDULE","PENDING") -> PENDING | Y77: =IF(U77<>0,IF(V77<>0,(V77-R77)/7,(U77-R77)/7),"") | Z77: =IF(Y77="","",IF(F77="BOLSAS",IF(Y77<=6,"IN TIME","DELAYED"),IF(F77="CAJAS",IF(Y77<=8,"IN TIME","DELAYED"),IF(Y77<=6,"IN TIME","DELAYED")))) | AA77: =IF(AND(ISBLANK(U77),ISBLANK(V77)),"",IF(ISBLANK(V77),U77,V77)) | AB77: =CONCAT(G77,H77) -> 140204958210
A78: =IF(B78="BUFKOR INC.","BUFKOR",IF(B78="CHIPPENHOOK","CHIPPENHOOK","SPECIALTY")) -> SPECIALTY | B78: {=IFERROR(XLOOKUP(G78&H78,SAP!K:K,SAP!A:A,0,0),"")} -> UNIPACK, S.A. DE C.V. | C78: =IFERROR(IF(OR('MASTER PLAN'!$B$2:$B$81="CHIPPENHOOK",'MASTER PLAN'!$B$2:$B$81="BUFKOR INC."),"USA",IF('MASTER PLAN'!$B$2:$B$81="SIGMAQ MEXICO S.A DE C.V","MX","SP")),"") -> SP | D78: ALICIA DE SALAZAR | E78: =IFERROR(VLOOKUP(D78,REFERENCIAS!A:B,2,0),"") -> MELISSA MELENDEZ | F78: BOLSAS | G78: 1402049582 | H78: 20 | I78: {=IFERROR(XLOOKUP(G78&H78,SAP!K:K,SAP!D:D,0,0),"")} -> 10333119 | J78: {=UPPER(XLOOKUP(G78&H78,SAP!K:K,SAP!E:E,0,0))} -> BOLSA CASA DE ORO 7"X4"X8" EST | K78: {=IFERROR(XLOOKUP(G78&H78,SAP!K:K,SAP!F:F,0,0),"")} -> 1500 | L78: {=IFERROR(XLOOKUP(G78&H78,SAP!K:K,SAP!G:G,0,0),"")} -> 1260 | M78: =IFERROR(L78/K78,0) -> 0.84 | N78: 0.2 | O78: =IFERROR(K78*(1+N78),0) -> 1800 | P78: 3354987 | Q78: 45987 | R78: {=IFERROR(XLOOKUP(G78&H78,SAP!K:K,SAP!H:H,0,0),"")} -> 45980 | S78: {=IFERROR(XLOOKUP(G78&H78,SAP!K:K,SAP!I:I,0,0),"")} -> 46038 | X78: =IF(OR(U78<>0,V78<>0),"SCHEDULE","PENDING") -> PENDING | Y78: =IF(U78<>0,IF(V78<>0,(V78-R78)/7,(U78-R78)/7),"") | Z78: =IF(Y78="","",IF(F78="BOLSAS",IF(Y78<=6,"IN TIME","DELAYED"),IF(F78="CAJAS",IF(Y78<=8,"IN TIME","DELAYED"),IF(Y78<=6,"IN TIME","DELAYED")))) | AA78: =IF(AND(ISBLANK(U78),ISBLANK(V78)),"",IF(ISBLANK(V78),U78,V78)) | AB78: =CONCAT(G78,H78) -> 140204958220
A79: =IF(B79="BUFKOR INC.","BUFKOR",IF(B79="CHIPPENHOOK","CHIPPENHOOK","SPECIALTY")) -> SPECIALTY | B79: {=IFERROR(XLOOKUP(G79&H79,SAP!K:K,SAP!A:A,0,0),"")} -> DISTRIBUIDORA CORRIPIO, S.A.S. | C79: =IFERROR(IF(OR('MASTER PLAN'!$B$2:$B$81="CHIPPENHOOK",'MASTER PLAN'!$B$2:$B$81="BUFKOR INC."),"USA",IF('MASTER PLAN'!$B$2:$B$81="SIGMAQ MEXICO S.A DE C.V","MX","SP")),"") -> SP | D79: ESTEBAN FUENTES | E79: =IFERROR(VLOOKUP(D79,REFERENCIAS!A:B,2,0),"") -> IVANIA ALFARO | F79: BOLSAS | G79: 1402049590 | H79: 10 | I79: {=IFERROR(XLOOKUP(G79&H79,SAP!K:K,SAP!D:D,0,0),"")} -> 10342561 | J79: {=UPPER(XLOOKUP(G79&H79,SAP!K:K,SAP!E:E,0,0))} -> BOLSA PIRULETA 20 X 6 X16 IN FL | K79: {=IFERROR(XLOOKUP(G79&H79,SAP!K:K,SAP!F:F,0,0),"")} -> 2000 | L79: {=IFERROR(XLOOKUP(G79&H79,SAP!K:K,SAP!G:G,0,0),"")} -> 6940 | M79: =IFERROR(L79/K79,0) -> 3.47 | N79: 0.2 | O79: =IFERROR(K79*(1+N79),0) -> 2400 | P79: 3354988 | Q79: 45987 | R79: {=IFERROR(XLOOKUP(G79&H79,SAP!K:K,SAP!H:H,0,0),"")} -> 45981 | S79: {=IFERROR(XLOOKUP(G79&H79,SAP!K:K,SAP!I:I,0,0),"")} -> 46035 | X79: =IF(OR(U79<>0,V79<>0),"SCHEDULE","PENDING") -> PENDING | Y79: =IF(U79<>0,IF(V79<>0,(V79-R79)/7,(U79-R79)/7),"") | Z79: =IF(Y79="","",IF(F79="BOLSAS",IF(Y79<=6,"IN TIME","DELAYED"),IF(F79="CAJAS",IF(Y79<=8,"IN TIME","DELAYED"),IF(Y79<=6,"IN TIME","DELAYED")))) | AA79: =IF(AND(ISBLANK(U79),ISBLANK(V79)),"",IF(ISBLANK(V79),U79,V79)) | AB79: =CONCAT(G79,H79) -> 140204959010
A80: =IF(B80="BUFKOR INC.","BUFKOR",IF(B80="CHIPPENHOOK","CHIPPENHOOK","SPECIALTY")) -> SPECIALTY | B80: {=IFERROR(XLOOKUP(G80&H80,SAP!K:K,SAP!A:A,0,0),"")} -> DISTRIBUIDORA CORRIPIO, S.A.S. | C80: =IFERROR(IF(OR('MASTER PLAN'!$B$2:$B$81="CHIPPENHOOK",'MASTER PLAN'!$B$2:$B$81="BUFKOR INC."),"USA",IF('MASTER PLAN'!$B$2:$B$81="SIGMAQ MEXICO S.A DE C.V","MX","SP")),"") -> SP | D80: ESTEBAN FUENTES | E80: =IFERROR(VLOOKUP(D80,REFERENCIAS!A:B,2,0),"") -> IVANIA ALFARO | F80: BOLSAS | G80: 1402049590 | H80: 20 | I80: {=IFERROR(XLOOKUP(G80&H80,SAP!K:K,SAP!D:D,0,0),"")} -> 10342560 | J80: {=UPPER(XLOOKUP(G80&H80,SAP!K:K,SAP!E:E,0,0))} -> BOLSA PIRULETA 16 X 5 X 14 IN FL | K80: {=IFERROR(XLOOKUP(G80&H80,SAP!K:K,SAP!F:F,0,0),"")} -> 5000 | L80: {=IFERROR(XLOOKUP(G80&H80,SAP!K:K,SAP!G:G,0,0),"")} -> 11600 | M80: =IFERROR(L80/K80,0) -> 2.32 | N80: 0.2 | O80: =IFERROR(K80*(1+N80),0) -> 6000 | P80: 3354990 | Q80: 45987 | R80: {=IFERROR(XLOOKUP(G80&H80,SAP!K:K,SAP!H:H,0,0),"")} -> 45981 | S80: {=IFERROR(XLOOKUP(G80&H80,SAP!K:K,SAP!I:I,0,0),"")} -> 46035 | X80: =IF(OR(U80<>0,V80<>0),"SCHEDULE","PENDING") -> PENDING | Y80: =IF(U80<>0,IF(V80<>0,(V80-R80)/7,(U80-R80)/7),"") | Z80: =IF(Y80="","",IF(F80="BOLSAS",IF(Y80<=6,"IN TIME","DELAYED"),IF(F80="CAJAS",IF(Y80<=8,"IN TIME","DELAYED"),IF(Y80<=6,"IN TIME","DELAYED")))) | AA80: =IF(AND(ISBLANK(U80),ISBLANK(V80)),"",IF(ISBLANK(V80),U80,V80)) | AB80: =CONCAT(G80,H80) -> 140204959020
A81: =IF(B81="BUFKOR INC.","BUFKOR",IF(B81="CHIPPENHOOK","CHIPPENHOOK","SPECIALTY")) -> SPECIALTY | B81: {=IFERROR(XLOOKUP(G81&H81,SAP!K:K,SAP!A:A,0,0),"")} -> DISTRIBUIDORA CORRIPIO, S.A.S. | C81: =IFERROR(IF(OR('MASTER PLAN'!$B$2:$B$81="CHIPPENHOOK",'MASTER PLAN'!$B$2:$B$81="BUFKOR INC."),"USA",IF('MASTER PLAN'!$B$2:$B$81="SIGMAQ MEXICO S.A DE C.V","MX","SP")),"") -> SP | D81: ESTEBAN FUENTES | E81: =IFERROR(VLOOKUP(D81,REFERENCIAS!A:B,2,0),"") -> IVANIA ALFARO | F81: BOLSAS | G81: 1402049590 | H81: 30 | I81: {=IFERROR(XLOOKUP(G81&H81,SAP!K:K,SAP!D:D,0,0),"")} -> 10342555 | J81: {=UPPER(XLOOKUP(G81&H81,SAP!K:K,SAP!E:E,0,0))} -> BOLSA PIRULETA 13X5X10IN FL | K81: {=IFERROR(XLOOKUP(G81&H81,SAP!K:K,SAP!F:F,0,0),"")} -> 7000 | L81: {=IFERROR(XLOOKUP(G81&H81,SAP!K:K,SAP!G:G,0,0),"")} -> 10920 | M81: =IFERROR(L81/K81,0) -> 1.56 | N81: 0.2 | O81: =IFERROR(K81*(1+N81),0) -> 8400 | P81: 3354991 | Q81: 45987 | R81: {=IFERROR(XLOOKUP(G81&H81,SAP!K:K,SAP!H:H,0,0),"")} -> 45981 | S81: {=IFERROR(XLOOKUP(G81&H81,SAP!K:K,SAP!I:I,0,0),"")} -> 46035 | X81: =IF(OR(U81<>0,V81<>0),"SCHEDULE","PENDING") -> PENDING | Y81: =IF(U81<>0,IF(V81<>0,(V81-R81)/7,(U81-R81)/7),"") | Z81: =IF(Y81="","",IF(F81="BOLSAS",IF(Y81<=6,"IN TIME","DELAYED"),IF(F81="CAJAS",IF(Y81<=8,"IN TIME","DELAYED"),IF(Y81<=6,"IN TIME","DELAYED")))) | AA81: =IF(AND(ISBLANK(U81),ISBLANK(V81)),"",IF(ISBLANK(V81),U81,V81)) | AB81: =CONCAT(G81,H81) -> 140204959030

Sheet PROCESOS PRD
B2: PO | C2: POS | D2: PROJECT | E2: MATERIAL | F2: # REP | G2: QTY + OVER | H2: PLIEGOS | I2: REQ DATE | J2: PO_ID | K2: RESMADO | L2: IMPRESIÓN | M2: BARNIZ | N2: LAMINADO | O2: ESTAMPADO | P2: REALZADO | Q2: TROQUELADO
B3: 1402048632 | C3: 10 | D3: {=IFERROR(IF(XLOOKUP(CONCAT(B3,C3),'MASTER PLAN'!$AB:$AB,'MASTER PLAN'!$J:$J,0,0)=0,"",XLOOKUP(CONCAT(B3,C3),'MASTER PLAN'!$AB:$AB,'MASTER PLAN'!$J:$J,0,0)),"")} -> BOLSA ROGERS ENTERPRISES 10"X4"X7-75" | E3: PP | F3: 2 | G3: {=IFERROR(IF(XLOOKUP(CONCAT(B3,C3),'MASTER PLAN'!$AB:$AB,'MASTER PLAN'!$O:$O,0,0)=0,"",XLOOKUP(CONCAT(B3,C3),'MASTER PLAN'!$AB:$AB,'MASTER PLAN'!$O:$O,0,0)),"")} -> 21000 | H3: =IFERROR(G3/F3,"") -> 10500 | I3: {=IFERROR(IF(XLOOKUP(CONCAT(B3,C3),'MASTER PLAN'!$AB:$AB,'MASTER PLAN'!$S:$S,0,0)=0,"",XLOOKUP(CONCAT(B3,C3),'MASTER PLAN'!$AB:$AB,'MASTER PLAN'!$S:$S,0,0)),"")} -> 45838 | J3: =CONCAT(B3,C3) -> 140204863210 | K3: FALSE | L3: TRUE | M3: TRUE | N3: FALSE | O3: FALSE | P3: FALSE | Q3: TRUE | S3: X
B4: 1402048797 | C4: 10 | D4: {=IFERROR(IF(XLOOKUP(CONCAT(B4,C4),'MASTER PLAN'!$AB:$AB,'MASTER PLAN'!$J:$J,0,0)=0,"",XLOOKUP(CONCAT(B4,C4),'MASTER PLAN'!$AB:$AB,'MASTER PLAN'!$J:$J,0,0)),"")} -> BOLSA MAUI DIVERS 8"X5"X8" | E4: CMPC | F4: 1 | G4: {=IFERROR(IF(XLOOKUP(CONCAT(B4,C4),'MASTER PLAN'!$AB:$AB,'MASTER PLAN'!$O:$O,0,0)=0,"",XLOOKUP(CONCAT(B4,C4),'MASTER PLAN'!$AB:$AB,'MASTER PLAN'!$O:$O,0,0)),"")} -> 1536 | H4: =IFERROR(G4/F4,"") -> 1536 | I4: {=IFERROR(IF(XLOOKUP(CONCAT(B4,C4),'MASTER PLAN'!$AB:$AB,'MASTER PLAN'!$S:$S,0,0)=0,"",XLOOKUP(CONCAT(B4,C4),'MASTER PLAN'!$AB:$AB,'MASTER PLAN'!$S:$S,0,0)),"")} -> 45849 | J4: =CONCAT(B4,C4) -> 140204879710 | K4: FALSE | L4: TRUE | M4: FALSE | N4: TRUE | O4: FALSE | P4: TRUE | Q4: TRUE | S4: x
B5: 1402048824 | C5: 10 | D5: {=IFERROR(IF(XLOOKUP(CONCAT(B5,C5),'MASTER PLAN'!$AB:$AB,'MASTER PLAN'!$J:$J,0,0)=0,"",XLOOKUP(CONCAT(B5,C5),'MASTER PLAN'!$AB:$AB,'MASTER PLAN'!$J:$J,0,0)),"")} -> BOLSA FRED MEYER 4-5"X3"X5-5" | E5: PP | F5: 3 | G5: {=IFERROR(IF(XLOOKUP(CONCAT(B5,C5),'MASTER PLAN'!$AB:$AB,'MASTER PLAN'!$O:$O,0,0)=0,"",XLOOKUP(CONCAT(B5,C5),'MASTER PLAN'!$AB:$AB,'MASTER PLAN'!$O:$O,0,0)),"")} -> 20044.8 | H5: =IFERROR(G5/F5,"") -> 6681.6 | I5: {=IFERROR(IF(XLOOKUP(CONCAT(B5,C5),'MASTER PLAN'!$AB:$AB,'MASTER PLAN'!$S:$S,0,0)=0,"",XLOOKUP(CONCAT(B5,C5),'MASTER PLAN'!$AB:$AB,'MASTER PLAN'!$S:$S,0,0)),"")} -> 45877 | J5: =CONCAT(B5,C5) -> 140204882410 | K5: FALSE | L5: FALSE | M5: FALSE | N5: FALSE | O5: TRUE | P5: FALSE | Q5: TRUE | S5: X
B6: 1402048833 | C6: 10 | D6: {=IFERROR(IF(XLOOKUP(CONCAT(B6,C6),'MASTER PLAN'!$AB:$AB,'MASTER PLAN'!$J:$J,0,0)=0,"",XLOOKUP(CONCAT(B6,C6),'MASTER PLAN'!$AB:$AB,'MASTER PLAN'!$J:$J,0,0)),"")} -> BOLSA FRED MEYER 4-5"X3"X5-5" | E6: PP | F6: 3 | G6: {=IFERROR(IF(XLOOKUP(CONCAT(B6,C6),'MASTER PLAN'!$AB:$AB,'MASTER PLAN'!$O:$O,0,0)=0,"",XLOOKUP(CONCAT(B6,C6),'MASTER PLAN'!$AB:$AB,'MASTER PLAN'!$O:$O,0,0)),"")} -> 59598 | H6: =IFERROR(G6/F6,"") -> 19866 | I6: {=IFERROR(IF(XLOOKUP(CONCAT(B6,C6),'MASTER PLAN'!$AB:$AB,'MASTER PLAN'!$S:$S,0,0)=0,"",XLOOKUP(CONCAT(B6,C6),'MASTER PLAN'!$AB:$AB,'MASTER PLAN'!$S:$S,0,0)),"")} -> 45982 | J6: =CONCAT(B6,C6) -> 140204883310 | K6: FALSE | L6: FALSE | M6: FALSE | N6: FALSE | O6: TRUE | P6: FALSE | Q6: TRUE | S6: MELISA. APROX 54K
B7: 1402048833 | C7: 20 | D7: {=IFERROR(IF(XLOOKUP(CONCAT(B7,C7),'MASTER PLAN'!$AB:$AB,'MASTER PLAN'!$J:$J,0,0)=0,"",XLOOKUP(CONCAT(B7,C7),'MASTER PLAN'!$AB:$AB,'MASTER PLAN'!$J:$J,0,0)),"")} -> BOLSA FRED MEYER 10"X4"X8" | E7: PP | F7: 2 | G7: {=IFERROR(IF(XLOOKUP(CONCAT(B7,C7),'MASTER PLAN'!$AB:$AB,'MASTER PLAN'!$O:$O,0,0)=0,"",XLOOKUP(CONCAT(B7,C7),'MASTER PLAN'!$AB:$AB,'MASTER PLAN'!$O:$O,0,0)),"")} -> 6864 | H7: =IFERROR(G7/F7,"") -> 3432 | I7: {=IFERROR(IF(XLOOKUP(CONCAT(B7,C7),'MASTER PLAN'!$AB:$AB,'MASTER PLAN'!$S:$S,0,0)=0,"",XLOOKUP(CONCAT(B7,C7),'MASTER PLAN'!$AB:$AB,'MASTER PLAN'!$S:$S,0,0)),"")} -> 45982 | J7: =CONCAT(B7,C7) -> 140204883320 | K7: FALSE | L7: FALSE | M7: FALSE | N7: FALSE | O7: TRUE | P7: FALSE | Q7: TRUE | S7: X
B8: 1402049194 | C8: 10 | D8: {=IFERROR(IF(XLOOKUP(CONCAT(B8,C8),'MASTER PLAN'!$AB:$AB,'MASTER PLAN'!$J:$J,0,0)=0,"",XLOOKUP(CONCAT(B8,C8),'MASTER PLAN'!$AB:$AB,'MASTER PLAN'!$J:$J,0,0)),"")} -> BOLSA ALMAGEN CORP 8"X4"X10" | E8: PP | F8: 1 | G8: {=IFERROR(IF(XLOOKUP(CONCAT(B8,C8),'MASTER PLAN'!$AB:$AB,'MASTER PLAN'!$O:$O,0,0)=0,"",XLOOKUP(CONCAT(B8,C8),'MASTER PLAN'!$AB:$AB,'MASTER PLAN'!$O:$O,0,0)),"")} -> 2400 | H8: =IFERROR(G8/F8,"") -> 2400 | I8: {=IFERROR(IF(XLOOKUP(CONCAT(B8,C8),'MASTER PLAN'!$AB:$AB,'MASTER PLAN'!$S:$S,0,0)=0,"",XLOOKUP(CONCAT(B8,C8),'MASTER PLAN'!$AB:$AB,'MASTER PLAN'!$S:$S,0,0)),"")} -> 45931 | J8: =CONCAT(B8,C8) -> 140204919410 | K8: TRUE | L8: FALSE | M8: FALSE | N8: FALSE | O8: TRUE | P8: FALSE | Q8: TRUE | S8: X
B9: 1402049207 | C9: 10 | D9: {=IFERROR(IF(XLOOKUP(CONCAT(B9,C9),'MASTER PLAN'!$AB:$AB,'MASTER PLAN'!$J:$J,0,0)=0,"",XLOOKUP(CONCAT(B9,C9),'MASTER PLAN'!$AB:$AB,'MASTER PLAN'!$J:$J,0,0)),"")} -> BOLSA FINKS JEWELERS 6-5"X3-5"X6-5" | E9: COUCHE | F9: 1 | G9: {=IFERROR(IF(XLOOKUP(CONCAT(B9,C9),'MASTER PLAN'!$AB:$AB,'MASTER PLAN'!$O:$O,0,0)=0,"",XLOOKUP(CONCAT(B9,C9),'MASTER PLAN'!$AB:$AB,'MASTER PLAN'!$O:$O,0,0)),"")} -> 10800 | H9: =IFERROR(G9/F9,"") -> 10800 | I9: {=IFERROR(IF(XLOOKUP(CONCAT(B9,C9),'MASTER PLAN'!$AB:$AB,'MASTER PLAN'!$S:$S,0,0)=0,"",XLOOKUP(CONCAT(B9,C9),'MASTER PLAN'!$AB:$AB,'MASTER PLAN'!$S:$S,0,0)),"")} -> 45894 | J9: =CONCAT(B9,C9) -> 140204920710 | K9: TRUE | L9: TRUE | M9: FALSE | N9: TRUE | O9: TRUE | P9: TRUE | Q9: TRUE | S9: X
B10: 1402049437 | C10: 10 | D10: {=IFERROR(IF(XLOOKUP(CONCAT(B10,C10),'MASTER PLAN'!$AB:$AB,'MASTER PLAN'!$J:$J,0,0)=0,"",XLOOKUP(CONCAT(B10,C10),'MASTER PLAN'!$AB:$AB,'MASTER PLAN'!$J:$J,0,0)),"")} -> BOLSA FINKS JWLS 10X5X10" | E10: COUCHE | F10: 1 | G10: {=IFERROR(IF(XLOOKUP(CONCAT(B10,C10),'MASTER PLAN'!$AB:$AB,'MASTER PLAN'!$O:$O,0,0)=0,"",XLOOKUP(CONCAT(B10,C10),'MASTER PLAN'!$AB:$AB,'MASTER PLAN'!$O:$O,0,0)),"")} -> 3600 | H10: =IFERROR(G10/F10,"") -> 3600 | I10: {=IFERROR(IF(XLOOKUP(CONCAT(B10,C10),'MASTER PLAN'!$AB:$AB,'MASTER PLAN'!$S:$S,0,0)=0,"",XLOOKUP(CONCAT(B10,C10),'MASTER PLAN'!$AB:$AB,'MASTER PLAN'!$S:$S,0,0)),"")} -> 45999 | J10: =CONCAT(B10,C10) -> 140204943710 | K10: TRUE | L10: TRUE | M10: FALSE | N10: TRUE | O10: TRUE | P10: TRUE | Q10: TRUE | S10: MELISA. 15-DIC SALE DE P3
B11: 1402049207 | C11: 20 | D11: {=IFERROR(IF(XLOOKUP(CONCAT(B11,C11),'MASTER PLAN'!$AB:$AB,'MASTER PLAN'!$J:$J,0,0)=0,"",XLOOKUP(CONCAT(B11,C11),'MASTER PLAN'!$AB:$AB,'MASTER PLAN'!$J:$J,0,0)),"")} -> BOLSA FINKS JEWELERS 7"X5"X9" | E11: COUCHE | F11: 1 | G11: {=IFERROR(IF(XLOOKUP(CONCAT(B11,C11),'MASTER PLAN'!$AB:$AB,'MASTER PLAN'!$O:$O,0,0)=0,"",XLOOKUP(CONCAT(B11,C11),'MASTER PLAN'!$AB:$AB,'MASTER PLAN'!$O:$O,0,0)),"")} -> 14400 | H11: =IFERROR(G11/F11,"") -> 14400 | I11: {=IFERROR(IF(XLOOKUP(CONCAT(B11,C11),'MASTER PLAN'!$AB:$AB,'MASTER PLAN'!$S:$S,0,0)=0,"",XLOOKUP(CONCAT(B11,C11),'MASTER PLAN'!$AB:$AB,'MASTER PLAN'!$S:$S,0,0)),"")} -> 45894 | J11: =CONCAT(B11,C11) -> 140204920720 | K11: TRUE | L11: TRUE | M11: FALSE | N11: TRUE | O11: TRUE | P11: TRUE | Q11: TRUE | S11: X
B12: 1402049238 | C12: 10 | D12: {=IFERROR(IF(XLOOKUP(CONCAT(B12,C12),'MASTER PLAN'!$AB:$AB,'MASTER PLAN'!$J:$J,0,0)=0,"",XLOOKUP(CONCAT(B12,C12),'MASTER PLAN'!$AB:$AB,'MASTER PLAN'!$J:$J,0,0)),"")} -> BOLSA MAUI DIVERS 10"X6"X10" | E12: CMPC | F12: 1 | G12: {=IFERROR(IF(XLOOKUP(CONCAT(B12,C12),'MASTER PLAN'!$AB:$AB,'MASTER PLAN'!$O:$O,0,0)=0,"",XLOOKUP(CONCAT(B12,C12),'MASTER PLAN'!$AB:$AB,'MASTER PLAN'!$O:$O,0,0)),"")} -> 3648 | H12: =IFERROR(G12/F12,"") -> 3648 | I12: {=IFERROR(IF(XLOOKUP(CONCAT(B12,C12),'MASTER PLAN'!$AB:$AB,'MASTER PLAN'!$S:$S,0,0)=0,"",XLOOKUP(CONCAT(B12,C12),'MASTER PLAN'!$AB:$AB,'MASTER PLAN'!$S:$S,0,0)),"")} -> 45960 | J12: =CONCAT(B12,C12) -> 140204923810 | K12: FALSE | L12: TRUE | M12: TRUE | N12: TRUE | O12: FALSE | P12: TRUE | Q12: TRUE | S12: x
B13: 1402049263 | C13: 10 | D13: {=IFERROR(IF(XLOOKUP(CONCAT(B13,C13),'MASTER PLAN'!$AB:$AB,'MASTER PLAN'!$J:$J,0,0)=0,"",XLOOKUP(CONCAT(B13,C13),'MASTER PLAN'!$AB:$AB,'MASTER PLAN'!$J:$J,0,0)),"")} -> FOLDER GOLD CASTER LAWRENCE | E13: CMPC | F13: 1 | G13: {=IFERROR(IF(XLOOKUP(CONCAT(B13,C13),'MASTER PLAN'!$AB:$AB,'MASTER PLAN'!$O:$O,0,0)=0,"",XLOOKUP(CONCAT(B13,C13),'MASTER PLAN'!$AB:$AB,'MASTER PLAN'!$O:$O,0,0)),"")} -> 3600 | H13: =IFERROR(G13/F13,"") -> 3600 | I13: {=IFERROR(IF(XLOOKUP(CONCAT(B13,C13),'MASTER PLAN'!$AB:$AB,'MASTER PLAN'!$S:$S,0,0)=0,"",XLOOKUP(CONCAT(B13,C13),'MASTER PLAN'!$AB:$AB,'MASTER PLAN'!$S:$S,0,0)),"")} -> 45961 | J13: =CONCAT(B13,C13) -> 140204926310 | K13: FALSE | L13: TRUE | M13: FALSE | N13: TRUE | O13: TRUE | P13: FALSE | Q13: TRUE | S13: x
B14: 1402049277 | C14: 10 | D14: {=IFERROR(IF(XLOOKUP(CONCAT(B14,C14),'MASTER PLAN'!$AB:$AB,'MASTER PLAN'!$J:$J,0,0)=0,"",XLOOKUP(CONCAT(B14,C14),'MASTER PLAN'!$AB:$AB,'MASTER PLAN'!$J:$J,0,0)),"")} -> BOLSA ELEGANCE 8X4X10 IN FL | E14: COUCHE | F14: 1 | G14: {=IFERROR(IF(XLOOKUP(CONCAT(B14,C14),'MASTER PLAN'!$AB:$AB,'MASTER PLAN'!$O:$O,0,0)=0,"",XLOOKUP(CONCAT(B14,C14),'MASTER PLAN'!$AB:$AB,'MASTER PLAN'!$O:$O,0,0)),"")} -> 6000 | H14: =IFERROR(G14/F14,"") -> 6000 | I14: {=IFERROR(IF(XLOOKUP(CONCAT(B14,C14),'MASTER PLAN'!$AB:$AB,'MASTER PLAN'!$S:$S,0,0)=0,"",XLOOKUP(CONCAT(B14,C14),'MASTER PLAN'!$AB:$AB,'MASTER PLAN'!$S:$S,0,0)),"")} -> 45940 | J14: =CONCAT(B14,C14) -> 140204927710 | K14: TRUE | L14: TRUE | M14: FALSE | N14: TRUE | O14: TRUE | P14: FALSE | Q14: TRUE | S14: X
... B61: 1402049543 | C61: 10 | D61: {=IFERROR(IF(XLOOKUP(CONCAT(B61,C61),'MASTER PLAN'!$AB:$AB,'MASTER PLAN'!$J:$J,0,0)=0,"",XLOOKUP(CONCAT(B61,C61),'MASTER PLAN'!$AB:$AB,'MASTER PLAN'!$J:$J,0,0)),"")} -> BOLSA J-C- JEWELERS 10"X4"X8" -BLUE | E61: PP | F61: 1 | G61: {=IFERROR(IF(XLOOKUP(CONCAT(B61,C61),'MASTER PLAN'!$AB:$AB,'MASTER PLAN'!$O:$O,0,0)=0,"",XLOOKUP(CONCAT(B61,C61),'MASTER PLAN'!$AB:$AB,'MASTER PLAN'!$O:$O,0,0)),"")} -> 1800 | H61: =IFERROR(G61/F61,"") -> 1800 | I61: {=IFERROR(IF(XLOOKUP(CONCAT(B61,C61),'MASTER PLAN'!$AB:$AB,'MASTER PLAN'!$S:$S,0,0)=0,"",XLOOKUP(CONCAT(B61,C61),'MASTER PLAN'!$AB:$AB,'MASTER PLAN'!$S:$S,0,0)),"")} -> 46031 | J61: =CONCAT(B61,C61) -> 140204954310 | K61: TRUE | L61: FALSE | M61: FALSE | N61: FALSE | O61: TRUE | P61: FALSE | Q61: TRUE | S61: x
B62: 1402048469 | C62: 20 | D62: SKINCARE OIL - HIGH END BOX - TAPA DER E IZQ | E62: COUCHE | F62: 1 | G62: {=IFERROR(IF(XLOOKUP(CONCAT(B62,C62),'MASTER PLAN'!$AB:$AB,'MASTER PLAN'!$O:$O,0,0)=0,"",XLOOKUP(CONCAT(B62,C62),'MASTER PLAN'!$AB:$AB,'MASTER PLAN'!$O:$O,0,0)),"")} -> 3250 | H62: =IFERROR(G62/F62,"") -> 3250 | I62: {=IFERROR(IF(XLOOKUP(CONCAT(B62,C62),'MASTER PLAN'!$AB:$AB,'MASTER PLAN'!$S:$S,0,0)=0,"",XLOOKUP(CONCAT(B62,C62),'MASTER PLAN'!$AB:$AB,'MASTER PLAN'!$S:$S,0,0)),"")} -> 46022 | J62: =CONCAT(B62,C62) -> 140204846920 | K62: TRUE | L62: TRUE | M62: TRUE | N62: TRUE | O62: FALSE | P62: FALSE | Q62: TRUE
B63: 1402048469 | C63: 20 | D63: SKINCARE OIL - HIGH END BOX - SOLAPA | E63: COUCHE | F63: 4 | G63: {=IFERROR(IF(XLOOKUP(CONCAT(B63,C63),'MASTER PLAN'!$AB:$AB,'MASTER PLAN'!$O:$O,0,0)=0,"",XLOOKUP(CONCAT(B63,C63),'MASTER PLAN'!$AB:$AB,'MASTER PLAN'!$O:$O,0,0)),"")} -> 3250 | H63: =IFERROR(G63/F63,"") -> 812.5 | I63: {=IFERROR(IF(XLOOKUP(CONCAT(B63,C63),'MASTER PLAN'!$AB:$AB,'MASTER PLAN'!$S:$S,0,0)=0,"",XLOOKUP(CONCAT(B63,C63),'MASTER PLAN'!$AB:$AB,'MASTER PLAN'!$S:$S,0,0)),"")} -> 46022 | J63: =CONCAT(B63,C63) -> 140204846920 | K63: FALSE | L63: TRUE | M63: TRUE | N63: TRUE | O63: FALSE | P63: FALSE | Q63: TRUE
B64: 1402048469 | C64: 20 | D64: SKINCARE OIL - HIGH END BOX - COMP. INTERNO SOLAPA | E64: COUCHE | F64: 4 | G64: {=IFERROR(IF(XLOOKUP(CONCAT(B64,C64),'MASTER PLAN'!$AB:$AB,'MASTER PLAN'!$O:$O,0,0)=0,"",XLOOKUP(CONCAT(B64,C64),'MASTER PLAN'!$AB:$AB,'MASTER PLAN'!$O:$O,0,0)),"")} -> 3250 | H64: =IFERROR(G64/F64,"") -> 812.5 | I64: {=IFERROR(IF(XLOOKUP(CONCAT(B64,C64),'MASTER PLAN'!$AB:$AB,'MASTER PLAN'!$S:$S,0,0)=0,"",XLOOKUP(CONCAT(B64,C64),'MASTER PLAN'!$AB:$AB,'MASTER PLAN'!$S:$S,0,0)),"")} -> 46022 | J64: =CONCAT(B64,C64) -> 140204846920 | K64: TRUE | L64: TRUE | M64: TRUE | N64: TRUE | O64: FALSE | P64: FALSE | Q64: TRUE
B65: 1402048469 | C65: 20 | D65: SKINCARE OIL - HIGH END BOX - BASE | E65: COUCHE | F65: 2 | G65: {=IFERROR(IF(XLOOKUP(CONCAT(B65,C65),'MASTER PLAN'!$AB:$AB,'MASTER PLAN'!$O:$O,0,0)=0,"",XLOOKUP(CONCAT(B65,C65),'MASTER PLAN'!$AB:$AB,'MASTER PLAN'!$O:$O,0,0)),"")} -> 3250 | H65: =IFERROR(G65/F65,"") -> 1625 | I65: {=IFERROR(IF(XLOOKUP(CONCAT(B65,C65),'MASTER PLAN'!$AB:$AB,'MASTER PLAN'!$S:$S,0,0)=0,"",XLOOKUP(CONCAT(B65,C65),'MASTER PLAN'!$AB:$AB,'MASTER PLAN'!$S:$S,0,0)),"")} -> 46022 | J65: =CONCAT(B65,C65) -> 140204846920 | K65: TRUE | L65: TRUE | M65: TRUE | N65: TRUE | O65: FALSE | P65: FALSE | Q65: TRUE
B66: 1402048469 | C66: 20 | D66: SKINCARE OIL - HIGH END BOX - INSERTOS | E66: COUCHE | F66: 4 | G66: {=IFERROR(IF(XLOOKUP(CONCAT(B66,C66),'MASTER PLAN'!$AB:$AB,'MASTER PLAN'!$O:$O,0,0)=0,"",XLOOKUP(CONCAT(B66,C66),'MASTER PLAN'!$AB:$AB,'MASTER PLAN'!$O:$O,0,0)),"")} -> 3250 | H66: =IFERROR(G66/F66,"") -> 812.5 | I66: {=IFERROR(IF(XLOOKUP(CONCAT(B66,C66),'MASTER PLAN'!$AB:$AB,'MASTER PLAN'!$S:$S,0,0)=0,"",XLOOKUP(CONCAT(B66,C66),'MASTER PLAN'!$AB:$AB,'MASTER PLAN'!$S:$S,0,0)),"")} -> 46022 | J66: =CONCAT(B66,C66) -> 140204846920 | K66: FALSE | L66: FALSE | M66: FALSE | N66: TRUE | O66: FALSE | P66: FALSE | Q66: TRUE
B67: 1402048469 | C67: 20 | D67: SKINCARE OIL - HIGH END BOX - MANGA | E67: COUCHE | F67: 1 | G67: {=IFERROR(IF(XLOOKUP(CONCAT(B67,C67),'MASTER PLAN'!$AB:$AB,'MASTER PLAN'!$O:$O,0,0)=0,"",XLOOKUP(CONCAT(B67,C67),'MASTER PLAN'!$AB:$AB,'MASTER PLAN'!$O:$O,0,0)),"")} -> 3250 | H67: =IFERROR(G67/F67,"") -> 3250 | I67: {=IFERROR(IF(XLOOKUP(CONCAT(B67,C67),'MASTER PLAN'!$AB:$AB,'MASTER PLAN'!$S:$S,0,0)=0,"",XLOOKUP(CONCAT(B67,C67),'MASTER PLAN'!$AB:$AB,'MASTER PLAN'!$S:$S,0,0)),"")} -> 46022 | J67: =CONCAT(B67,C67) -> 140204846920 | K67: FALSE | L67: TRUE | M67: TRUE | N67: TRUE | O67: FALSE | P67: FALSE | Q67: TRUE
B68: 1402049559 | C68: 10 | D68: {=IFERROR(IF(XLOOKUP(CONCAT(B68,C68),'MASTER PLAN'!$AB:$AB,'MASTER PLAN'!$J:$J,0,0)=0,"",XLOOKUP(CONCAT(B68,C68),'MASTER PLAN'!$AB:$AB,'MASTER PLAN'!$J:$J,0,0)),"")} -> BOLSA JOYERIA GARZON 4.75"X3.5"X6" | E68: COUCHE | F68: 1 | G68: {=IFERROR(IF(XLOOKUP(CONCAT(B68,C68),'MASTER PLAN'!$AB:$AB,'MASTER PLAN'!$O:$O,0,0)=0,"",XLOOKUP(CONCAT(B68,C68),'MASTER PLAN'!$AB:$AB,'MASTER PLAN'!$O:$O,0,0)),"")} -> 2400 | H68: =IFERROR(G68/F68,"") -> 2400 | I68: {=IFERROR(IF(XLOOKUP(CONCAT(B68,C68),'MASTER PLAN'!$AB:$AB,'MASTER PLAN'!$S:$S,0,0)=0,"",XLOOKUP(CONCAT(B68,C68),'MASTER PLAN'!$AB:$AB,'MASTER PLAN'!$S:$S,0,0)),"")} -> 46036 | J68: =CONCAT(B68,C68) -> 140204955910 | K68: TRUE | L68: FALSE | M68: FALSE | N68: TRUE | O68: TRUE | P68: FALSE | Q68: TRUE
B69: 1402049562 | C69: 10 | D69: {=IFERROR(IF(XLOOKUP(CONCAT(B69,C69),'MASTER PLAN'!$AB:$AB,'MASTER PLAN'!$J:$J,0,0)=0,"",XLOOKUP(CONCAT(B69,C69),'MASTER PLAN'!$AB:$AB,'MASTER PLAN'!$J:$J,0,0)),"")} -> BOLSA NAIFEH JEWELRY 8"X4"X10" | E69: PP | F69: 1 | G69: {=IFERROR(IF(XLOOKUP(CONCAT(B69,C69),'MASTER PLAN'!$AB:$AB,'MASTER PLAN'!$O:$O,0,0)=0,"",XLOOKUP(CONCAT(B69,C69),'MASTER PLAN'!$AB:$AB,'MASTER PLAN'!$O:$O,0,0)),"")} -> 2400 | H69: =IFERROR(G69/F69,"") -> 2400 | I69: {=IFERROR(IF(XLOOKUP(CONCAT(B69,C69),'MASTER PLAN'!$AB:$AB,'MASTER PLAN'!$S:$S,0,0)=0,"",XLOOKUP(CONCAT(B69,C69),'MASTER PLAN'!$AB:$AB,'MASTER PLAN'!$S:$S,0,0)),"")} -> 46010 | J69: =CONCAT(B69,C69) -> 140204956210 | K69: TRUE | L69: FALSE | M69: FALSE | N69: FALSE | O69: TRUE | P69: FALSE | Q69: TRUE
B70: 1402049563 | C70: 10 | D70: {=IFERROR(IF(XLOOKUP(CONCAT(B70,C70),'MASTER PLAN'!$AB:$AB,'MASTER PLAN'!$J:$J,0,0)=0,"",XLOOKUP(CONCAT(B70,C70),'MASTER PLAN'!$AB:$AB,'MASTER PLAN'!$J:$J,0,0)),"")} -> BLS JEWELRY DESIGN CENTER 6.5"X3.5"X6.5" | E70: COUCHE | F70: 1 | G70: {=IFERROR(IF(XLOOKUP(CONCAT(B70,C70),'MASTER PLAN'!$AB:$AB,'MASTER PLAN'!$O:$O,0,0)=0,"",XLOOKUP(CONCAT(B70,C70),'MASTER PLAN'!$AB:$AB,'MASTER PLAN'!$O:$O,0,0)),"")} -> 3600 | H70: =IFERROR(G70/F70,"") -> 3600 | I70: {=IFERROR(IF(XLOOKUP(CONCAT(B70,C70),'MASTER PLAN'!$AB:$AB,'MASTER PLAN'!$S:$S,0,0)=0,"",XLOOKUP(CONCAT(B70,C70),'MASTER PLAN'!$AB:$AB,'MASTER PLAN'!$S:$S,0,0)),"")} -> 46010 | J70: =CONCAT(B70,C70) -> 140204956310 | K70: TRUE | L70: TRUE | M70: FALSE | N70: TRUE | O70: TRUE | P70: FALSE | Q70: TRUE
B71: 1402049563 | C71: 20 | D71: {=IFERROR(IF(XLOOKUP(CONCAT(B71,C71),'MASTER PLAN'!$AB:$AB,'MASTER PLAN'!$J:$J,0,0)=0,"",XLOOKUP(CONCAT(B71,C71),'MASTER PLAN'!$AB:$AB,'MASTER PLAN'!$J:$J,0,0)),"")} -> BLS JEWELRY DESIGN CENTER 12"X5"X9" | E71: COUCHE | F71: 0.5 | G71: {=IFERROR(IF(XLOOKUP(CONCAT(B71,C71),'MASTER PLAN'!$AB:$AB,'MASTER PLAN'!$O:$O,0,0)=0,"",XLOOKUP(CONCAT(B71,C71),'MASTER PLAN'!$AB:$AB,'MASTER PLAN'!$O:$O,0,0)),"")} -> 1800 | H71: =IFERROR(G71/F71,"") -> 3600 | I71: {=IFERROR(IF(XLOOKUP(CONCAT(B71,C71),'MASTER PLAN'!$AB:$AB,'MASTER PLAN'!$S:$S,0,0)=0,"",XLOOKUP(CONCAT(B71,C71),'MASTER PLAN'!$AB:$AB,'MASTER PLAN'!$S:$S,0,0)),"")} -> 46010 | J71: =CONCAT(B71,C71) -> 140204956320 | K71: TRUE | L71: TRUE | M71: FALSE | N71: TRUE | O71: TRUE | P71: FALSE | Q71: TRUE
B72: 1402049568 | C72: 10 | D72: {=IFERROR(IF(XLOOKUP(CONCAT(B72,C72),'MASTER PLAN'!$AB:$AB,'MASTER PLAN'!$J:$J,0,0)=0,"",XLOOKUP(CONCAT(B72,C72),'MASTER PLAN'!$AB:$AB,'MASTER PLAN'!$J:$J,0,0)),"")} -> BOLSA SILEO 10X4X8 IN | E72: CMPC | F72: 1 | G72: {=IFERROR(IF(XLOOKUP(CONCAT(B72,C72),'MASTER PLAN'!$AB:$AB,'MASTER PLAN'!$O:$O,0,0)=0,"",XLOOKUP(CONCAT(B72,C72),'MASTER PLAN'!$AB:$AB,'MASTER PLAN'!$O:$O,0,0)),"")} -> 2400 | H72: =IFERROR(G72/F72,"") -> 2400 | I72: {=IFERROR(IF(XLOOKUP(CONCAT(B72,C72),'MASTER PLAN'!$AB:$AB,'MASTER PLAN'!$S:$S,0,0)=0,"",XLOOKUP(CONCAT(B72,C72),'MASTER PLAN'!$AB:$AB,'MASTER PLAN'!$S:$S,0,0)),"")} -> 46038 | J72: =CONCAT(B72,C72) -> 140204956810 | K72: FALSE | L72: TRUE | M72: FALSE | N72: TRUE | O72: TRUE | P72: FALSE | Q72: TRUE
B73: 1402049570 | C73: 10 | D73: {=IFERROR(IF(XLOOKUP(CONCAT(B73,C73),'MASTER PLAN'!$AB:$AB,'MASTER PLAN'!$J:$J,0,0)=0,"",XLOOKUP(CONCAT(B73,C73),'MASTER PLAN'!$AB:$AB,'MASTER PLAN'!$J:$J,0,0)),"")} -> BARBARA MADERO 160X100X140 MM | E73: PP | G73: {=IFERROR(IF(XLOOKUP(CONCAT(B73,C73),'MASTER PLAN'!$AB:$AB,'MASTER PLAN'!$O:$O,0,0)=0,"",XLOOKUP(CONCAT(B73,C73),'MASTER PLAN'!$AB:$AB,'MASTER PLAN'!$O:$O,0,0)),"")} -> 1800 | H73: =IFERROR(G73/F73,"") | I73: {=IFERROR(IF(XLOOKUP(CONCAT(B73,C73),'MASTER PLAN'!$AB:$AB,'MASTER PLAN'!$S:$S,0,0)=0,"",XLOOKUP(CONCAT(B73,C73),'MASTER PLAN'!$AB:$AB,'MASTER PLAN'!$S:$S,0,0)),"")} -> 46038 | J73: =CONCAT(B73,C73) -> 140204957010 | K73: TRUE | L73: FALSE | M73: FALSE | N73: FALSE | O73: TRUE | P73: FALSE | Q73: TRUE
B74: 1402049582 | C74: 10 | D74: {=IFERROR(IF(XLOOKUP(CONCAT(B74,C74),'MASTER PLAN'!$AB:$AB,'MASTER PLAN'!$J:$J,0,0)=0,"",XLOOKUP(CONCAT(B74,C74),'MASTER PLAN'!$AB:$AB,'MASTER PLAN'!$J:$J,0,0)),"")} -> BOLSA CASA DE ORO 4.5"X2.375"X5.75" EST | E74: COUCHE | F74: 2 | G74: {=IFERROR(IF(XLOOKUP(CONCAT(B74,C74),'MASTER PLAN'!$AB:$AB,'MASTER PLAN'!$O:$O,0,0)=0,"",XLOOKUP(CONCAT(B74,C74),'MASTER PLAN'!$AB:$AB,'MASTER PLAN'!$O:$O,0,0)),"")} -> 1800 | H74: =IFERROR(G74/F74,"") -> 900 | I74: {=IFERROR(IF(XLOOKUP(CONCAT(B74,C74),'MASTER PLAN'!$AB:$AB,'MASTER PLAN'!$S:$S,0,0)=0,"",XLOOKUP(CONCAT(B74,C74),'MASTER PLAN'!$AB:$AB,'MASTER PLAN'!$S:$S,0,0)),"")} -> 46038 | J74: =CONCAT(B74,C74) -> 140204958210 | K74: TRUE | L74: TRUE | M74: FALSE | N74: TRUE | O74: TRUE | P74: FALSE | Q74: TRUE
B75: 1402049582 | C75: 20 | D75: {=IFERROR(IF(XLOOKUP(CONCAT(B75,C75),'MASTER PLAN'!$AB:$AB,'MASTER PLAN'!$J:$J,0,0)=0,"",XLOOKUP(CONCAT(B75,C75),'MASTER PLAN'!$AB:$AB,'MASTER PLAN'!$J:$J,0,0)),"")} -> BOLSA CASA DE ORO 7"X4"X8" EST | E75: COUCHE | F75: 1 | G75: {=IFERROR(IF(XLOOKUP(CONCAT(B75,C75),'MASTER PLAN'!$AB:$AB,'MASTER PLAN'!$O:$O,0,0)=0,"",XLOOKUP(CONCAT(B75,C75),'MASTER PLAN'!$AB:$AB,'MASTER PLAN'!$O:$O,0,0)),"")} -> 1800 | H75: =IFERROR(G75/F75,"") -> 1800 | I75: {=IFERROR(IF(XLOOKUP(CONCAT(B75,C75),'MASTER PLAN'!$AB:$AB,'MASTER PLAN'!$S:$S,0,0)=0,"",XLOOKUP(CONCAT(B75,C75),'MASTER PLAN'!$AB:$AB,'MASTER PLAN'!$S:$S,0,0)),"")} -> 46038 | J75: =CONCAT(B75,C75) -> 140204958220 | K75: TRUE | L75: TRUE | M75: FALSE | N75: TRUE | O75: TRUE | P75: FALSE | Q75: TRUE
B76: 1402049590 | C76: 10 | D76: {=IFERROR(IF(XLOOKUP(CONCAT(B76,C76),'MASTER PLAN'!$AB:$AB,'MASTER PLAN'!$J:$J,0,0)=0,"",XLOOKUP(CONCAT(B76,C76),'MASTER PLAN'!$AB:$AB,'MASTER PLAN'!$J:$J,0,0)),"")} -> BOLSA PIRULETA 20 X 6 X16 IN FL | E76: COUCHE | G76: {=IFERROR(IF(XLOOKUP(CONCAT(B76,C76),'MASTER PLAN'!$AB:$AB,'MASTER PLAN'!$O:$O,0,0)=0,"",XLOOKUP(CONCAT(B76,C76),'MASTER PLAN'!$AB:$AB,'MASTER PLAN'!$O:$O,0,0)),"")} -> 2400 | H76: =IFERROR(G76/F76,"") | I76: {=IFERROR(IF(XLOOKUP(CONCAT(B76,C76),'MASTER PLAN'!$AB:$AB,'MASTER PLAN'!$S:$S,0,0)=0,"",XLOOKUP(CONCAT(B76,C76),'MASTER PLAN'!$AB:$AB,'MASTER PLAN'!$S:$S,0,0)),"")} -> 46035 | J76: =CONCAT(B76,C76) -> 140204959010 | K76: TRUE | L76: TRUE | M76: FALSE | N76: TRUE | O76: FALSE | P76: FALSE | Q76: TRUE
B77: 1402049590 | C77: 20 | D77: {=IFERROR(IF(XLOOKUP(CONCAT(B77,C77),'MASTER PLAN'!$AB:$AB,'MASTER PLAN'!$J:$J,0,0)=0,"",XLOOKUP(CONCAT(B77,C77),'MASTER PLAN'!$AB:$AB,'MASTER PLAN'!$J:$J,0,0)),"")} -> BOLSA PIRULETA 16 X 5 X 14 IN FL | E77: COUCHE | G77: {=IFERROR(IF(XLOOKUP(CONCAT(B77,C77),'MASTER PLAN'!$AB:$AB,'MASTER PLAN'!$O:$O,0,0)=0,"",XLOOKUP(CONCAT(B77,C77),'MASTER PLAN'!$AB:$AB,'MASTER PLAN'!$O:$O,0,0)),"")} -> 6000 | H77: =IFERROR(G77/F77,"") | I77: {=IFERROR(IF(XLOOKUP(CONCAT(B77,C77),'MASTER PLAN'!$AB:$AB,'MASTER PLAN'!$S:$S,0,0)=0,"",XLOOKUP(CONCAT(B77,C77),'MASTER PLAN'!$AB:$AB,'MASTER PLAN'!$S:$S,0,0)),"")} -> 46035 | J77: =CONCAT(B77,C77) -> 140204959020 | K77: TRUE | L77: TRUE | M77: FALSE | N77: TRUE | O77: FALSE | P77: FALSE | Q77: TRUE
B78: 1402049590 | C78: 30 | D78: {=IFERROR(IF(XLOOKUP(CONCAT(B78,C78),'MASTER PLAN'!$AB:$AB,'MASTER PLAN'!$J:$J,0,0)=0,"",XLOOKUP(CONCAT(B78,C78),'MASTER PLAN'!$AB:$AB,'MASTER PLAN'!$J:$J,0,0)),"")} -> BOLSA PIRULETA 13X5X10IN FL | E78: COUCHE | G78: {=IFERROR(IF(XLOOKUP(CONCAT(B78,C78),'MASTER PLAN'!$AB:$AB,'MASTER PLAN'!$O:$O,0,0)=0,"",XLOOKUP(CONCAT(B78,C78),'MASTER PLAN'!$AB:$AB,'MASTER PLAN'!$O:$O,0,0)),"")} -> 8400 | H78: =IFERROR(G78/F78,"") | I78: {=IFERROR(IF(XLOOKUP(CONCAT(B78,C78),'MASTER PLAN'!$AB:$AB,'MASTER PLAN'!$S:$S,0,0)=0,"",XLOOKUP(CONCAT(B78,C78),'MASTER PLAN'!$AB:$AB,'MASTER PLAN'!$S:$S,0,0)),"")} -> 46035 | J78: =CONCAT(B78,C78) -> 140204959030 | K78: TRUE | L78: TRUE | M78: FALSE | N78: TRUE | O78: FALSE | P78: FALSE | Q78: TRUE
B79: 1402049268 | C79: 10 | D79: ESTUCHE FLEMING 4 CHOCOLATES 2024 - PAPEL TAPA | E79: PP | G79: {=IFERROR(IF(XLOOKUP(CONCAT(B79,C79),'MASTER PLAN'!$AB:$AB,'MASTER PLAN'!$O:$O,0,0)=0,"",XLOOKUP(CONCAT(B79,C79),'MASTER PLAN'!$AB:$AB,'MASTER PLAN'!$O:$O,0,0)),"")} -> 39270 | H79: =IFERROR(G79/F79,"") | I79: {=IFERROR(IF(XLOOKUP(CONCAT(B79,C79),'MASTER PLAN'!$AB:$AB,'MASTER PLAN'!$S:$S,0,0)=0,"",XLOOKUP(CONCAT(B79,C79),'MASTER PLAN'!$AB:$AB,'MASTER PLAN'!$S:$S,0,0)),"")} -> 45905 | J79: =CONCAT(B79,C79) -> 140204926810 | K79: TRUE | L79: FALSE | M79: FALSE | N79: FALSE | O79: TRUE | P79: FALSE | Q79: TRUE
B80: 1402049268 | C80: 10 | D80: ESTUCHE FLEMING 4 CHOCOLATES 2024 - CARTÓN TAPA | E80: PP | G80: {=IFERROR(IF(XLOOKUP(CONCAT(B80,C80),'MASTER PLAN'!$AB:$AB,'MASTER PLAN'!$O:$O,0,0)=0,"",XLOOKUP(CONCAT(B80,C80),'MASTER PLAN'!$AB:$AB,'MASTER PLAN'!$O:$O,0,0)),"")} -> 39270 | H80: =IFERROR(G80/F80,"") | I80: {=IFERROR(IF(XLOOKUP(CONCAT(B80,C80),'MASTER PLAN'!$AB:$AB,'MASTER PLAN'!$S:$S,0,0)=0,"",XLOOKUP(CONCAT(B80,C80),'MASTER PLAN'!$AB:$AB,'MASTER PLAN'!$S:$S,0,0)),"")} -> 45905 | J80: =CONCAT(B80,C80) -> 140204926810 | K80: FALSE | L80: TRUE | M80: TRUE | N80: FALSE | O80: FALSE | P80: FALSE | Q80: TRUE
B81: 1402049269 | C81: 10 | D81: ESTUCHE FLEMING 4 CHOCOLATES 2024 - PAPEL TAPA | E81: PP | G81: {=IFERROR(IF(XLOOKUP(CONCAT(B81,C81),'MASTER PLAN'!$AB:$AB,'MASTER PLAN'!$O:$O,0,0)=0,"",XLOOKUP(CONCAT(B81,C81),'MASTER PLAN'!$AB:$AB,'MASTER PLAN'!$O:$O,0,0)),"")} -> 39270 | H81: =IFERROR(G81/F81,"") | I81: {=IFERROR(IF(XLOOKUP(CONCAT(B81,C81),'MASTER PLAN'!$AB:$AB,'MASTER PLAN'!$S:$S,0,0)=0,"",XLOOKUP(CONCAT(B81,C81),'MASTER PLAN'!$AB:$AB,'MASTER PLAN'!$S:$S,0,0)),"")} -> 45905 | J81: =CONCAT(B81,C81) -> 140204926910 | K81: TRUE | L81: FALSE | M81: FALSE | N81: FALSE | O81: TRUE | P81: FALSE | Q81: TRUE
B82: 1402049269 | C82: 10 | D82: ESTUCHE FLEMING 4 CHOCOLATES 2024 - CARTÓN TAPA | E82: PP | G82: {=IFERROR(IF(XLOOKUP(CONCAT(B82,C82),'MASTER PLAN'!$AB:$AB,'MASTER PLAN'!$O:$O,0,0)=0,"",XLOOKUP(CONCAT(B82,C82),'MASTER PLAN'!$AB:$AB,'MASTER PLAN'!$O:$O,0,0)),"")} -> 39270 | H82: =IFERROR(G82/F82,"") | I82: {=IFERROR(IF(XLOOKUP(CONCAT(B82,C82),'MASTER PLAN'!$AB:$AB,'MASTER PLAN'!$S:$S,0,0)=0,"",XLOOKUP(CONCAT(B82,C82),'MASTER PLAN'!$AB:$AB,'MASTER PLAN'!$S:$S,0,0)),"")} -> 45905 | J82: =CONCAT(B82,C82) -> 140204926910 | K82: FALSE | L82: TRUE | M82: TRUE | N82: FALSE | O82: FALSE | P82: FALSE | Q82: TRUE
B83: 1402049378 | C83: 20 | D83: 8151050296_IB 1X70 EL ALTO GEX 700ML - PAPEL SOLAPA | E83: PP | G83: {=IFERROR(IF(XLOOKUP(CONCAT(B83,C83),'MASTER PLAN'!$AB:$AB,'MASTER PLAN'!$O:$O,0,0)=0,"",XLOOKUP(CONCAT(B83,C83),'MASTER PLAN'!$AB:$AB,'MASTER PLAN'!$O:$O,0,0)),"")} -> 926.4 | H83: =IFERROR(G83/F83,"") | I83: {=IFERROR(IF(XLOOKUP(CONCAT(B83,C83),'MASTER PLAN'!$AB:$AB,'MASTER PLAN'!$S:$S,0,0)=0,"",XLOOKUP(CONCAT(B83,C83),'MASTER PLAN'!$AB:$AB,'MASTER PLAN'!$S:$S,0,0)),"")} -> 45982 | J83: =CONCAT(B83,C83) -> 140204937820 | K83: TRUE | L83: TRUE | M83: FALSE | N83: FALSE | O83: TRUE | P83: TRUE | Q83: TRUE
B84: 1402049378 | C84: 20 | D84: 8151050296_IB 1X70 EL ALTO GEX 700ML - COMP. INTERNO BTP | E84: PP | G84: {=IFERROR(IF(XLOOKUP(CONCAT(B84,C84),'MASTER PLAN'!$AB:$AB,'MASTER PLAN'!$O:$O,0,0)=0,"",XLOOKUP(CONCAT(B84,C84),'MASTER PLAN'!$AB:$AB,'MASTER PLAN'!$O:$O,0,0)),"")} -> 926.4 | H84: =IFERROR(G84/F84,"") | I84: {=IFERROR(IF(XLOOKUP(CONCAT(B84,C84),'MASTER PLAN'!$AB:$AB,'MASTER PLAN'!$S:$S,0,0)=0,"",XLOOKUP(CONCAT(B84,C84),'MASTER PLAN'!$AB:$AB,'MASTER PLAN'!$S:$S,0,0)),"")} -> 45982 | J84: =CONCAT(B84,C84) -> 140204937820 | K84: TRUE | L84: FALSE | M84: FALSE | N84: TRUE | O84: FALSE | P84: TRUE | Q84: FALSE
B85: 1402049378 | C85: 20 | D85: 8151050296_IB 1X70 EL ALTO GEX 700ML - COMP. SOLAPA IZQ | E85: PP | G85: {=IFERROR(IF(XLOOKUP(CONCAT(B85,C85),'MASTER PLAN'!$AB:$AB,'MASTER PLAN'!$O:$O,0,0)=0,"",XLOOKUP(CONCAT(B85,C85),'MASTER PLAN'!$AB:$AB,'MASTER PLAN'!$O:$O,0,0)),"")} -> 926.4 | H85: =IFERROR(G85/F85,"") | I85: {=IFERROR(IF(XLOOKUP(CONCAT(B85,C85),'MASTER PLAN'!$AB:$AB,'MASTER PLAN'!$S:$S,0,0)=0,"",XLOOKUP(CONCAT(B85,C85),'MASTER PLAN'!$AB:$AB,'MASTER PLAN'!$S:$S,0,0)),"")} -> 45982 | J85: =CONCAT(B85,C85) -> 140204937820 | K85: TRUE | L85: TRUE | M85: FALSE | N85: FALSE | O85: TRUE | P85: FALSE | Q85: TRUE
B86: 1402049378 | C86: 20 | D86: 8151050296_IB 1X70 EL ALTO GEX 700ML - COMP. INFERIOR BASE | E86: PP | G86: {=IFERROR(IF(XLOOKUP(CONCAT(B86,C86),'MASTER PLAN'!$AB:$AB,'MASTER PLAN'!$O:$O,0,0)=0,"",XLOOKUP(CONCAT(B86,C86),'MASTER PLAN'!$AB:$AB,'MASTER PLAN'!$O:$O,0,0)),"")} -> 926.4 | H86: =IFERROR(G86/F86,"") | I86: {=IFERROR(IF(XLOOKUP(CONCAT(B86,C86),'MASTER PLAN'!$AB:$AB,'MASTER PLAN'!$S:$S,0,0)=0,"",XLOOKUP(CONCAT(B86,C86),'MASTER PLAN'!$AB:$AB,'MASTER PLAN'!$S:$S,0,0)),"")} -> 45982 | J86: =CONCAT(B86,C86) -> 140204937820 | K86: TRUE | L86: FALSE | M86: FALSE | N86: FALSE | O86: TRUE | P86: TRUE | Q86: TRUE
B87: 1402049378 | C87: 20 | D87: 8151050296_IB 1X70 EL ALTO GEX 700ML - SOLAPA IZQ & DER | E87: PP | G87: {=IFERROR(IF(XLOOKUP(CONCAT(B87,C87),'MASTER PLAN'!$AB:$AB,'MASTER PLAN'!$O:$O,0,0)=0,"",XLOOKUP(CONCAT(B87,C87),'MASTER PLAN'!$AB:$AB,'MASTER PLAN'!$O:$O,0,0)),"")} -> 926.4 | H87: =IFERROR(G87/F87,"") | I87: {=IFERROR(IF(XLOOKUP(CONCAT(B87,C87),'MASTER PLAN'!$AB:$AB,'MASTER PLAN'!$S:$S,0,0)=0,"",XLOOKUP(CONCAT(B87,C87),'MASTER PLAN'!$AB:$AB,'MASTER PLAN'!$S:$S,0,0)),"")} -> 45982 | J87: =CONCAT(B87,C87) -> 140204937820 | K87: TRUE | L87: FALSE | M87: FALSE | N87: FALSE | O87: FALSE | P87: FALSE | Q87: TRUE
B88: 1402049378 | C88: 20 | D88: 8151050296_IB 1X70 EL ALTO GEX 700ML - COMP. SOLAPA IZQ & DER | E88: PP | G88: {=IFERROR(IF(XLOOKUP(CONCAT(B88,C88),'MASTER PLAN'!$AB:$AB,'MASTER PLAN'!$O:$O,0,0)=0,"",XLOOKUP(CONCAT(B88,C88),'MASTER PLAN'!$AB:$AB,'MASTER PLAN'!$O:$O,0,0)),"")} -> 926.4 | H88: =IFERROR(G88/F88,"") | I88: {=IFERROR(IF(XLOOKUP(CONCAT(B88,C88),'MASTER PLAN'!$AB:$AB,'MASTER PLAN'!$S:$S,0,0)=0,"",XLOOKUP(CONCAT(B88,C88),'MASTER PLAN'!$AB:$AB,'MASTER PLAN'!$S:$S,0,0)),"")} -> 45982 | J88: =CONCAT(B88,C88) -> 140204937820 | K88: TRUE | L88: FALSE | M88: FALSE | N88: FALSE | O88: FALSE | P88: FALSE | Q88: TRUE
B89: 1402049378 | C89: 20 | D89: 8151050296_IB 1X70 EL ALTO GEX 700ML - CINCHOS | E89: PP | G89: {=IFERROR(IF(XLOOKUP(CONCAT(B89,C89),'MASTER PLAN'!$AB:$AB,'MASTER PLAN'!$O:$O,0,0)=0,"",XLOOKUP(CONCAT(B89,C89),'MASTER PLAN'!$AB:$AB,'MASTER PLAN'!$O:$O,0,0)),"")} -> 926.4 | H89: =IFERROR(G89/F89,"") | I89: {=IFERROR(IF(XLOOKUP(CONCAT(B89,C89),'MASTER PLAN'!$AB:$AB,'MASTER PLAN'!$S:$S,0,0)=0,"",XLOOKUP(CONCAT(B89,C89),'MASTER PLAN'!$AB:$AB,'MASTER PLAN'!$S:$S,0,0)),"")} -> 45982 | J89: =CONCAT(B89,C89) -> 140204937820 | K89: TRUE | L89: FALSE | M89: FALSE | N89: TRUE | O89: FALSE | P89: FALSE | Q89: TRUE
B90: 1402049378 | C90: 20 | D90: 8151050296_IB 1X70 EL ALTO GEX 700ML - INTERIOR DE BASE | E90: PP | G90: {=IFERROR(IF(XLOOKUP(CONCAT(B90,C90),'MASTER PLAN'!$AB:$AB,'MASTER PLAN'!$O:$O,0,0)=0,"",XLOOKUP(CONCAT(B90,C90),'MASTER PLAN'!$AB:$AB,'MASTER PLAN'!$O:$O,0,0)),"")} -> 926.4 | H90: =IFERROR(G90/F90,"") | I90: {=IFERROR(IF(XLOOKUP(CONCAT(B90,C90),'MASTER PLAN'!$AB:$AB,'MASTER PLAN'!$S:$S,0,0)=0,"",XLOOKUP(CONCAT(B90,C90),'MASTER PLAN'!$AB:$AB,'MASTER PLAN'!$S:$S,0,0)),"")} -> 45982 | J90: =CONCAT(B90,C90) -> 140204937820 | K90: TRUE | L90: FALSE | M90: FALSE | N90: FALSE | O90: FALSE | P90: FALSE | Q90: TRUE
B91: 1402049378 | C91: 20 | D91: 8151050296_IB 1X70 EL ALTO GEX 700ML - BTP | G91: {=IFERROR(IF(XLOOKUP(CONCAT(B91,C91),'MASTER PLAN'!$AB:$AB,'MASTER PLAN'!$O:$O,0,0)=0,"",XLOOKUP(CONCAT(B91,C91),'MASTER PLAN'!$AB:$AB,'MASTER PLAN'!$O:$O,0,0)),"")} -> 926.4 | H91: =IFERROR(G91/F91,"") | I91: {=IFERROR(IF(XLOOKUP(CONCAT(B91,C91),'MASTER PLAN'!$AB:$AB,'MASTER PLAN'!$S:$S,0,0)=0,"",XLOOKUP(CONCAT(B91,C91),'MASTER PLAN'!$AB:$AB,'MASTER PLAN'!$S:$S,0,0)),"")} -> 45982 | J91: =CONCAT(B91,C91) -> 140204937820 | K91: TRUE | L91: FALSE | M91: FALSE | N91: FALSE | O91: FALSE | P91: FALSE | Q91: TRUE
B92: 1402049378 | C92: 20 | D92: 8151050296_IB 1X70 EL ALTO GEX 700ML - MANGA | E92: CMPC | G92: {=IFERROR(IF(XLOOKUP(CONCAT(B92,C92),'MASTER PLAN'!$AB:$AB,'MASTER PLAN'!$O:$O,0,0)=0,"",XLOOKUP(CONCAT(B92,C92),'MASTER PLAN'!$AB:$AB,'MASTER PLAN'!$O:$O,0,0)),"")} -> 926.4 | H92: =IFERROR(G92/F92,"") | I92: {=IFERROR(IF(XLOOKUP(CONCAT(B92,C92),'MASTER PLAN'!$AB:$AB,'MASTER PLAN'!$S:$S,0,0)=0,"",XLOOKUP(CONCAT(B92,C92),'MASTER PLAN'!$AB:$AB,'MASTER PLAN'!$S:$S,0,0)),"")} -> 45982 | J92: =CONCAT(B92,C92) -> 140204937820 | K92: FALSE | L92: FALSE | M92: FALSE | N92: FALSE | O92: FALSE | P92: FALSE | Q92: TRUE
D93: {=IFERROR(IF(XLOOKUP(CONCAT(B93,C93),'MASTER PLAN'!$AB:$AB,'MASTER PLAN'!$J:$J,0,0)=0,"",XLOOKUP(CONCAT(B93,C93),'MASTER PLAN'!$AB:$AB,'MASTER PLAN'!$J:$J,0,0)),"")} | G93: {=IFERROR(IF(XLOOKUP(CONCAT(B93,C93),'MASTER PLAN'!$AB:$AB,'MASTER PLAN'!$O:$O,0,0)=0,"",XLOOKUP(CONCAT(B93,C93),'MASTER PLAN'!$AB:$AB,'MASTER PLAN'!$O:$O,0,0)),"")} | H93: =IFERROR(G93/F93,"") | I93: {=IFERROR(IF(XLOOKUP(CONCAT(B93,C93),'MASTER PLAN'!$AB:$AB,'MASTER PLAN'!$S:$S,0,0)=0,"",XLOOKUP(CONCAT(B93,C93),'MASTER PLAN'!$AB:$AB,'MASTER PLAN'!$S:$S,0,0)),"")} | J93: =CONCAT(B93,C93) | K93: FALSE | L93: FALSE | M93: FALSE | N93: FALSE | O93: FALSE | P93: FALSE | Q93: FALSE
D94: {=IFERROR(IF(XLOOKUP(CONCAT(B94,C94),'MASTER PLAN'!$AB:$AB,'MASTER PLAN'!$J:$J,0,0)=0,"",XLOOKUP(CONCAT(B94,C94),'MASTER PLAN'!$AB:$AB,'MASTER PLAN'!$J:$J,0,0)),"")} | G94: {=IFERROR(IF(XLOOKUP(CONCAT(B94,C94),'MASTER PLAN'!$AB:$AB,'MASTER PLAN'!$O:$O,0,0)=0,"",XLOOKUP(CONCAT(B94,C94),'MASTER PLAN'!$AB:$AB,'MASTER PLAN'!$O:$O,0,0)),"")} | H94: =IFERROR(G94/F94,"") | I94: {=IFERROR(IF(XLOOKUP(CONCAT(B94,C94),'MASTER PLAN'!$AB:$AB,'MASTER PLAN'!$S:$S,0,0)=0,"",XLOOKUP(CONCAT(B94,C94),'MASTER PLAN'!$AB:$AB,'MASTER PLAN'!$S:$S,0,0)),"")} | J94: =CONCAT(B94,C94) | K94: FALSE | L94: FALSE | M94: FALSE | N94: FALSE | O94: FALSE | P94: FALSE | Q94: FALSE
D95: {=IFERROR(IF(XLOOKUP(CONCAT(B95,C95),'MASTER PLAN'!$AB:$AB,'MASTER PLAN'!$J:$J,0,0)=0,"",XLOOKUP(CONCAT(B95,C95),'MASTER PLAN'!$AB:$AB,'MASTER PLAN'!$J:$J,0,0)),"")} | G95: {=IFERROR(IF(XLOOKUP(CONCAT(B95,C95),'MASTER PLAN'!$AB:$AB,'MASTER PLAN'!$O:$O,0,0)=0,"",XLOOKUP(CONCAT(B95,C95),'MASTER PLAN'!$AB:$AB,'MASTER PLAN'!$O:$O,0,0)),"")} | H95: =IFERROR(G95/F95,"") | I95: {=IFERROR(IF(XLOOKUP(CONCAT(B95,C95),'MASTER PLAN'!$AB:$AB,'MASTER PLAN'!$S:$S,0,0)=0,"",XLOOKUP(CONCAT(B95,C95),'MASTER PLAN'!$AB:$AB,'MASTER PLAN'!$S:$S,0,0)),"")} | J95: =CONCAT(B95,C95) | K95: FALSE | L95: FALSE | M95: FALSE | N95: FALSE | O95: FALSE | P95: FALSE | Q95: FALSE
D96: {=IFERROR(IF(XLOOKUP(CONCAT(B96,C96),'MASTER PLAN'!$AB:$AB,'MASTER PLAN'!$J:$J,0,0)=0,"",XLOOKUP(CONCAT(B96,C96),'MASTER PLAN'!$AB:$AB,'MASTER PLAN'!$J:$J,0,0)),"")} | G96: {=IFERROR(IF(XLOOKUP(CONCAT(B96,C96),'MASTER PLAN'!$AB:$AB,'MASTER PLAN'!$O:$O,0,0)=0,"",XLOOKUP(CONCAT(B96,C96),'MASTER PLAN'!$AB:$AB,'MASTER PLAN'!$O:$O,0,0)),"")} | H96: =IFERROR(G96/F96,"") | I96: {=IFERROR(IF(XLOOKUP(CONCAT(B96,C96),'MASTER PLAN'!$AB:$AB,'MASTER PLAN'!$S:$S,0,0)=0,"",XLOOKUP(CONCAT(B96,C96),'MASTER PLAN'!$AB:$AB,'MASTER PLAN'!$S:$S,0,0)),"")} | J96: =CONCAT(B96,C96) | K96: FALSE | L96: FALSE | M96: FALSE | N96: FALSE | O96: FALSE | P96: FALSE | Q96: FALSE
D97: {=IFERROR(IF(XLOOKUP(CONCAT(B97,C97),'MASTER PLAN'!$AB:$AB,'MASTER PLAN'!$J:$J,0,0)=0,"",XLOOKUP(CONCAT(B97,C97),'MASTER PLAN'!$AB:$AB,'MASTER PLAN'!$J:$J,0,0)),"")} | G97: {=IFERROR(IF(XLOOKUP(CONCAT(B97,C97),'MASTER PLAN'!$AB:$AB,'MASTER PLAN'!$O:$O,0,0)=0,"",XLOOKUP(CONCAT(B97,C97),'MASTER PLAN'!$AB:$AB,'MASTER PLAN'!$O:$O,0,0)),"")} | H97: =IFERROR(G97/F97,"") | I97: {=IFERROR(IF(XLOOKUP(CONCAT(B97,C97),'MASTER PLAN'!$AB:$AB,'MASTER PLAN'!$S:$S,0,0)=0,"",XLOOKUP(CONCAT(B97,C97),'MASTER PLAN'!$AB:$AB,'MASTER PLAN'!$S:$S,0,0)),"")} | J97: =CONCAT(B97,C97) | K97: FALSE | L97: FALSE | M97: FALSE | N97: FALSE | O97: FALSE | P97: FALSE | Q97: FALSE
D98: {=IFERROR(IF(XLOOKUP(CONCAT(B98,C98),'MASTER PLAN'!$AB:$AB,'MASTER PLAN'!$J:$J,0,0)=0,"",XLOOKUP(CONCAT(B98,C98),'MASTER PLAN'!$AB:$AB,'MASTER PLAN'!$J:$J,0,0)),"")} | G98: {=IFERROR(IF(XLOOKUP(CONCAT(B98,C98),'MASTER PLAN'!$AB:$AB,'MASTER PLAN'!$O:$O,0,0)=0,"",XLOOKUP(CONCAT(B98,C98),'MASTER PLAN'!$AB:$AB,'MASTER PLAN'!$O:$O,0,0)),"")} | H98: =IFERROR(G98/F98,"") | I98: {=IFERROR(IF(XLOOKUP(CONCAT(B98,C98),'MASTER PLAN'!$AB:$AB,'MASTER PLAN'!$S:$S,0,0)=0,"",XLOOKUP(CONCAT(B98,C98),'MASTER PLAN'!$AB:$AB,'MASTER PLAN'!$S:$S,0,0)),"")} | J98: =CONCAT(B98,C98) | K98: FALSE | L98: FALSE | M98: FALSE | N98: FALSE | O98: FALSE | P98: FALSE | Q98: FALSE
D99: {=IFERROR(IF(XLOOKUP(CONCAT(B99,C99),'MASTER PLAN'!$AB:$AB,'MASTER PLAN'!$J:$J,0,0)=0,"",XLOOKUP(CONCAT(B99,C99),'MASTER PLAN'!$AB:$AB,'MASTER PLAN'!$J:$J,0,0)),"")} | G99: {=IFERROR(IF(XLOOKUP(CONCAT(B99,C99),'MASTER PLAN'!$AB:$AB,'MASTER PLAN'!$O:$O,0,0)=0,"",XLOOKUP(CONCAT(B99,C99),'MASTER PLAN'!$AB:$AB,'MASTER PLAN'!$O:$O,0,0)),"")} | H99: =IFERROR(G99/F99,"") | I99: {=IFERROR(IF(XLOOKUP(CONCAT(B99,C99),'MASTER PLAN'!$AB:$AB,'MASTER PLAN'!$S:$S,0,0)=0,"",XLOOKUP(CONCAT(B99,C99),'MASTER PLAN'!$AB:$AB,'MASTER PLAN'!$S:$S,0,0)),"")} | J99: =CONCAT(B99,C99) | K99: FALSE | L99: FALSE | M99: FALSE | N99: FALSE | O99: FALSE | P99: FALSE | Q99: FALSE
D100: {=IFERROR(IF(XLOOKUP(CONCAT(B100,C100),'MASTER PLAN'!$AB:$AB,'MASTER PLAN'!$J:$J,0,0)=0,"",XLOOKUP(CONCAT(B100,C100),'MASTER PLAN'!$AB:$AB,'MASTER PLAN'!$J:$J,0,0)),"")} | G100: {=IFERROR(IF(XLOOKUP(CONCAT(B100,C100),'MASTER PLAN'!$AB:$AB,'MASTER PLAN'!$O:$O,0,0)=0,"",XLOOKUP(CONCAT(B100,C100),'MASTER PLAN'!$AB:$AB,'MASTER PLAN'!$O:$O,0,0)),"")} | H100: =IFERROR(G100/F100,"") | I100: {=IFERROR(IF(XLOOKUP(CONCAT(B100,C100),'MASTER PLAN'!$AB:$AB,'MASTER PLAN'!$S:$S,0,0)=0,"",XLOOKUP(CONCAT(B100,C100),'MASTER PLAN'!$AB:$AB,'MASTER PLAN'!$S:$S,0,0)),"")} | J100: =CONCAT(B100,C100) | K100: FALSE | L100: FALSE | M100: FALSE | N100: FALSE | O100: FALSE | P100: FALSE | Q100: FALSE
D101: {=IFERROR(IF(XLOOKUP(CONCAT(B101,C101),'MASTER PLAN'!$AB:$AB,'MASTER PLAN'!$J:$J,0,0)=0,"",XLOOKUP(CONCAT(B101,C101),'MASTER PLAN'!$AB:$AB,'MASTER PLAN'!$J:$J,0,0)),"")} | G101: {=IFERROR(IF(XLOOKUP(CONCAT(B101,C101),'MASTER PLAN'!$AB:$AB,'MASTER PLAN'!$O:$O,0,0)=0,"",XLOOKUP(CONCAT(B101,C101),'MASTER PLAN'!$AB:$AB,'MASTER PLAN'!$O:$O,0,0)),"")} | H101: =IFERROR(G101/F101,"") | I101: {=IFERROR(IF(XLOOKUP(CONCAT(B101,C101),'MASTER PLAN'!$AB:$AB,'MASTER PLAN'!$S:$S,0,0)=0,"",XLOOKUP(CONCAT(B101,C101),'MASTER PLAN'!$AB:$AB,'MASTER PLAN'!$S:$S,0,0)),"")} | J101: =CONCAT(B101,C101) | K101: FALSE | L101: FALSE | M101: FALSE | N101: FALSE | O101: FALSE | P101: FALSE | Q101: FALSE
D102: {=IFERROR(IF(XLOOKUP(CONCAT(B102,C102),'MASTER PLAN'!$AB:$AB,'MASTER PLAN'!$J:$J,0,0)=0,"",XLOOKUP(CONCAT(B102,C102),'MASTER PLAN'!$AB:$AB,'MASTER PLAN'!$J:$J,0,0)),"")} | G102: {=IFERROR(IF(XLOOKUP(CONCAT(B102,C102),'MASTER PLAN'!$AB:$AB,'MASTER PLAN'!$O:$O,0,0)=0,"",XLOOKUP(CONCAT(B102,C102),'MASTER PLAN'!$AB:$AB,'MASTER PLAN'!$O:$O,0,0)),"")} | H102: =IFERROR(G102/F102,"") | I102: {=IFERROR(IF(XLOOKUP(CONCAT(B102,C102),'MASTER PLAN'!$AB:$AB,'MASTER PLAN'!$S:$S,0,0)=0,"",XLOOKUP(CONCAT(B102,C102),'MASTER PLAN'!$AB:$AB,'MASTER PLAN'!$S:$S,0,0)),"")} | J102: =CONCAT(B102,C102) | K102: FALSE | L102: FALSE | M102: FALSE | N102: FALSE | O102: FALSE | P102: FALSE | Q102: FALSE
D103: {=IFERROR(IF(XLOOKUP(CONCAT(B103,C103),'MASTER PLAN'!$AB:$AB,'MASTER PLAN'!$J:$J,0,0)=0,"",XLOOKUP(CONCAT(B103,C103),'MASTER PLAN'!$AB:$AB,'MASTER PLAN'!$J:$J,0,0)),"")} | G103: {=IFERROR(IF(XLOOKUP(CONCAT(B103,C103),'MASTER PLAN'!$AB:$AB,'MASTER PLAN'!$O:$O,0,0)=0,"",XLOOKUP(CONCAT(B103,C103),'MASTER PLAN'!$AB:$AB,'MASTER PLAN'!$O:$O,0,0)),"")} | H103: =IFERROR(G103/F103,"") | I103: {=IFERROR(IF(XLOOKUP(CONCAT(B103,C103),'MASTER PLAN'!$AB:$AB,'MASTER PLAN'!$S:$S,0,0)=0,"",XLOOKUP(CONCAT(B103,C103),'MASTER PLAN'!$AB:$AB,'MASTER PLAN'!$S:$S,0,0)),"")} | J103: =CONCAT(B103,C103) | K103: FALSE | L103: FALSE | M103: FALSE | N103: FALSE | O103: FALSE | P103: FALSE | Q103: FALSE
D104: {=IFERROR(IF(XLOOKUP(CONCAT(B104,C104),'MASTER PLAN'!$AB:$AB,'MASTER PLAN'!$J:$J,0,0)=0,"",XLOOKUP(CONCAT(B104,C104),'MASTER PLAN'!$AB:$AB,'MASTER PLAN'!$J:$J,0,0)),"")} | G104: {=IFERROR(IF(XLOOKUP(CONCAT(B104,C104),'MASTER PLAN'!$AB:$AB,'MASTER PLAN'!$O:$O,0,0)=0,"",XLOOKUP(CONCAT(B104,C104),'MASTER PLAN'!$AB:$AB,'MASTER PLAN'!$O:$O,0,0)),"")} | H104: =IFERROR(G104/F104,"") | I104: {=IFERROR(IF(XLOOKUP(CONCAT(B104,C104),'MASTER PLAN'!$AB:$AB,'MASTER PLAN'!$S:$S,0,0)=0,"",XLOOKUP(CONCAT(B104,C104),'MASTER PLAN'!$AB:$AB,'MASTER PLAN'!$S:$S,0,0)),"")} | J104: =CONCAT(B104,C104) | K104: FALSE | L104: FALSE | M104: FALSE | N104: FALSE | O104: FALSE | P104: FALSE | Q104: FALSE
... D107: {=IFERROR(IF(XLOOKUP(CONCAT(B107,C107),'MASTER PLAN'!$AB:$AB,'MASTER PLAN'!$J:$J,0,0)=0,"",XLOOKUP(CONCAT(B107,C107),'MASTER PLAN'!$AB:$AB,'MASTER PLAN'!$J:$J,0,0)),"")} | G107: {=IFERROR(IF(XLOOKUP(CONCAT(B107,C107),'MASTER PLAN'!$AB:$AB,'MASTER PLAN'!$O:$O,0,0)=0,"",XLOOKUP(CONCAT(B107,C107),'MASTER PLAN'!$AB:$AB,'MASTER PLAN'!$O:$O,0,0)),"")} | H107: =IFERROR(G107/F107,"") | I107: {=IFERROR(IF(XLOOKUP(CONCAT(B107,C107),'MASTER PLAN'!$AB:$AB,'MASTER PLAN'!$S:$S,0,0)=0,"",XLOOKUP(CONCAT(B107,C107),'MASTER PLAN'!$AB:$AB,'MASTER PLAN'!$S:$S,0,0)),"")} | J107: =CONCAT(B107,C107) | K107: FALSE | L107: FALSE | M107: FALSE | N107: FALSE | O107: FALSE | P107: FALSE | Q107: FALSE

Sheet PLAN P3
D1: WK 46 | U1: WK 47 | AT1: WK 48 | BS1: WK 49 | CR1: WK 50 | DQ1: WK 51 | EP1: WK 52 | FO1: WK 01 | GN1: WK 02 | HM1: WK 03 | IL1: WK 04 | JK1: WK 05
E2: 45973 | I2: =E2+1 -> 45974 | M2: =I2+1 -> 45975 | Q2: =M2+1 -> 45976 | V2: 45978 | Z2: =V2+1 -> 45979 | AD2: =Z2+1 -> 45980 | AH2: =AD2+1 -> 45981 | AL2: =AH2+1 -> 45982 | AP2: =AL2+1 -> 45983 | AU2: 45985 | AY2: =AU2+1 -> 45986 | BC2: =AY2+1 -> 45987 | BG2: =BC2+1 -> 45988 | BK2: =BG2+1 -> 45989 | BO2: =BK2+1 -> 45990 | BT2: 45992 | BX2: =BT2+1 -> 45993 | CB2: =BX2+1 -> 45994 | CF2: =CB2+1 -> 45995 | CJ2: =CF2+1 -> 45996 | CN2: =CJ2+1 -> 45997 | CS2: 45999 | CW2: =CS2+1 -> 46000 | DA2: =CW2+1 -> 46001 | DE2: =DA2+1 -> 46002 | DI2: =DE2+1 -> 46003 | DM2: =DI2+1 -> 46004 | DR2: 46006 | DV2: =DR2+1 -> 46007 | DZ2: =DV2+1 -> 46008 | ED2: =DZ2+1 -> 46009 | EH2: =ED2+1 -> 46010 | EL2: =EH2+1 -> 46011 | EQ2: 46013 | EU2: =EQ2+1 -> 46014 | EY2: =EU2+1 -> 46015 | FC2: =EY2+1 -> 46016 | FG2: =FC2+1 -> 46017 | FK2: =FG2+1 -> 46018 | FP2: 46020 | FT2: =FP2+1 -> 46021 | FX2: =FT2+1 -> 46022 | GB2: =FX2+1 -> 46023 | GF2: =GB2+1 -> 46024 | GJ2: =GF2+1 -> 46025 | GO2: 46027 | GS2: =GO2+1 -> 46028 | GW2: =GS2+1 -> 46029 | HA2: =GW2+1 -> 46030 | HE2: =HA2+1 -> 46031 | HI2: =HE2+1 -> 46032 | HN2: 46034 | HR2: =HN2+1 -> 46035 | HV2: =HR2+1 -> 46036 | HZ2: =HV2+1 -> 46037 | ID2: =HZ2+1 -> 46038 | IH2: =ID2+1 -> 46039 | IM2: 46041 | IQ2: =IM2+1 -> 46042 | IU2: =IQ2+1 -> 46043 | IY2: =IU2+1 -> 46044 | JC2: =IY2+1 -> 46045 | JG2: =JC2+1 -> 46046 | JL2: 46048 | JP2: =JL2+1 -> 46049 | JT2: =JP2+1 -> 46050 | JX2: =JT2+1 -> 46051 | KB2: =JX2+1 -> 46052 | KF2: =KB2+1 -> 46053
B3: PROCESO | E3: PEDIDO | F3: POS | G3: PROYECTO | H3: PLIEGOS | I3: PEDIDO | J3: POS | K3: PROYECTO | L3: PLIEGOS | M3: PEDIDO | N3: POS | O3: PROYECTO | P3: PLIEGOS | Q3: PEDIDO | R3: POS | S3: PROYECTO | T3: PLIEGOS | V3: PEDIDO | W3: POS | X3: PROYECTO | Y3: PLIEGOS | Z3: PEDIDO | AA3: POS | AB3: PROYECTO | AC3: PLIEGOS | AD3: PEDIDO | AE3: POS | AF3: PROYECTO | AG3: PLIEGOS | AH3: PEDIDO | AI3: POS | AJ3: PROYECTO | AK3: PLIEGOS | AL3: PEDIDO | AM3: POS | AN3: PROYECTO | AO3: PLIEGOS | AP3: PEDIDO | AQ3: POS | AR3: PROYECTO | AS3: PLIEGOS | AU3: PEDIDO | AV3: POS | AW3: PROYECTO | AX3: PLIEGOS | AY3: PEDIDO | AZ3: POS | BA3: PROYECTO | BB3: PLIEGOS | BC3: PEDIDO | BD3: POS | BE3: PROYECTO | BF3: PLIEGOS | BG3: PEDIDO | BH3: POS | BI3: PROYECTO | BJ3: PLIEGOS | BK3: PEDIDO | BL3: POS | BM3: PROYECTO | BN3: PLIEGOS | BO3: PEDIDO | BP3: POS | BQ3: PROYECTO | BR3: PLIEGOS | BT3: PEDIDO | BU3: POS | BV3: PROYECTO | BW3: PLIEGOS | BX3: PEDIDO | BY3: POS | BZ3: PROYECTO | CA3: PLIEGOS | CB3: PEDIDO | CC3: POS | CD3: PROYECTO | CE3: PLIEGOS | CF3: PEDIDO | CG3: POS | CH3: PROYECTO | CI3: PLIEGOS | CJ3: PEDIDO | CK3: POS | CL3: PROYECTO | CM3: PLIEGOS | CN3: PEDIDO | CO3: POS | CP3: PROYECTO | CQ3: PLIEGOS | CS3: PEDIDO | CT3: POS | CU3: PROYECTO | CV3: PLIEGOS | CW3: PEDIDO | CX3: POS | CY3: PROYECTO | CZ3: PLIEGOS | DA3: PEDIDO | DB3: POS | DC3: PROYECTO | DD3: PLIEGOS | DE3: PEDIDO | DF3: POS | DG3: PROYECTO | DH3: PLIEGOS | DI3: PEDIDO | DJ3: POS | DK3: PROYECTO | DL3: PLIEGOS | DM3: PEDIDO | DN3: POS | DO3: PROYECTO | DP3: PLIEGOS | DR3: PEDIDO | DS3: POS | DT3: PROYECTO | DU3: PLIEGOS | DV3: PEDIDO | DW3: POS | DX3: PROYECTO | DY3: PLIEGOS | DZ3: PEDIDO | EA3: POS | EB3: PROYECTO | EC3: PLIEGOS | ED3: PEDIDO | EE3: POS | EF3: PROYECTO | EG3: PLIEGOS | EH3: PEDIDO | EI3: POS | EJ3: PROYECTO | EK3: PLIEGOS | EL3: PEDIDO | EM3: POS | EN3: PROYECTO | EO3: PLIEGOS | EQ3: PEDIDO | ER3: POS | ES3: PROYECTO | ET3: PLIEGOS | EU3: PEDIDO | EV3: POS | EW3: PROYECTO | EX3: PLIEGOS | EY3: PEDIDO | EZ3: POS | FA3: PROYECTO | FB3: PLIEGOS | FC3: PEDIDO | FD3: POS | FE3: PROYECTO | FF3: PLIEGOS | FG3: PEDIDO | FH3: POS | FI3: PROYECTO | FJ3: PLIEGOS | FK3: PEDIDO | FL3: POS | FM3: PROYECTO | FN3: PLIEGOS | FP3: PEDIDO | FQ3: POS | FR3: PROYECTO | FS3: PLIEGOS | FT3: PEDIDO | FU3: POS | FV3: PROYECTO | FW3: PLIEGOS | FX3: PEDIDO | FY3: POS | FZ3: PROYECTO | GA3: PLIEGOS | GB3: PEDIDO | GC3: POS | GD3: PROYECTO | GE3: PLIEGOS | GF3: PEDIDO | GG3: POS | GH3: PROYECTO | GI3: PLIEGOS | GJ3: PEDIDO | GK3: POS | GL3: PROYECTO | GM3: PLIEGOS | GO3: PEDIDO | GP3: POS | GQ3: PROYECTO | GR3: PLIEGOS | GS3: PEDIDO | GT3: POS | GU3: PROYECTO | GV3: PLIEGOS | GW3: PEDIDO | GX3: POS | GY3: PROYECTO | GZ3: PLIEGOS | HA3: PEDIDO | HB3: POS | HC3: PROYECTO | HD3: PLIEGOS | HE3: PEDIDO | HF3: POS | HG3: PROYECTO | HH3: PLIEGOS | HI3: PEDIDO | HJ3: POS | HK3: PROYECTO | HL3: PLIEGOS | HN3: PEDIDO | HO3: POS | HP3: PROYECTO | HQ3: PLIEGOS | HR3: PEDIDO | HS3: POS | HT3: PROYECTO | HU3: PLIEGOS | HV3: PEDIDO | HW3: POS | HX3: PROYECTO | HY3: PLIEGOS | HZ3: PEDIDO | IA3: POS | IB3: PROYECTO | IC3: PLIEGOS | ID3: PEDIDO | IE3: POS | IF3: PROYECTO | IG3: PLIEGOS | IH3: PEDIDO | II3: POS | IJ3: PROYECTO | IK3: PLIEGOS | IM3: PEDIDO | IN3: POS | IO3: PROYECTO | IP3: PLIEGOS | IQ3: PEDIDO | IR3: POS | IS3: PROYECTO | IT3: PLIEGOS | IU3: PEDIDO | IV3: POS | IW3: PROYECTO | IX3: PLIEGOS | IY3: PEDIDO | IZ3: POS | JA3: PROYECTO | JB3: PLIEGOS | JC3: PEDIDO | JD3: POS | JE3: PROYECTO | JF3: PLIEGOS | JG3: PEDIDO | JH3: POS | JI3: PROYECTO | JJ3: PLIEGOS | JL3: PEDIDO | JM3: POS | JN3: PROYECTO | JO3: PLIEGOS | JP3: PEDIDO | JQ3: POS | JR3: PROYECTO | JS3: PLIEGOS | JT3: PEDIDO | JU3: POS | JV3: PROYECTO | JW3: PLIEGOS | JX3: PEDIDO | JY3: POS | JZ3: PROYECTO | KA3: PLIEGOS | KB3: PEDIDO | KC3: POS | KD3: PROYECTO | KE3: PLIEGOS | KF3: PEDIDO | KG3: POS | KH3: PROYECTO | KI3: PLIEGOS
B4: RESMADO | G4: {=IFERROR(IF(XLOOKUP(CONCAT(E4,F4),'MASTER PLAN'!$AB:$AB,'MASTER PLAN'!$J:$J,0,0)=0,"",XLOOKUP(CONCAT(E4,F4),'MASTER PLAN'!$AB:$AB,'MASTER PLAN'!$J:$J,0,0)),"")} | H4: {=IFERROR(IF(XLOOKUP(CONCAT(E4,F4),'PROCESOS PRD'!$J:$J,'PROCESOS PRD'!$H:$H,0,0)=0,"",XLOOKUP(CONCAT(E4,F4),'PROCESOS PRD'!$J:$J,'PROCESOS PRD'!$H:$H,0,0)),"")} | K4: {=IFERROR(IF(XLOOKUP(CONCAT(I4,J4),'MASTER PLAN'!$AB:$AB,'MASTER PLAN'!$J:$J,0,0)=0,"",XLOOKUP(CONCAT(I4,J4),'MASTER PLAN'!$AB:$AB,'MASTER PLAN'!$J:$J,0,0)),"")} | L4: {=IFERROR(IF(XLOOKUP(CONCAT(I4,J4),'PROCESOS PRD'!$J:$J,'PROCESOS PRD'!$H:$H,0,0)=0,"",XLOOKUP(CONCAT(I4,J4),'PROCESOS PRD'!$J:$J,'PROCESOS PRD'!$H:$H,0,0)),"")} | O4: {=IFERROR(IF(XLOOKUP(CONCAT(M4,N4),'MASTER PLAN'!$AB:$AB,'MASTER PLAN'!$J:$J,0,0)=0,"",XLOOKUP(CONCAT(M4,N4),'MASTER PLAN'!$AB:$AB,'MASTER PLAN'!$J:$J,0,0)),"")} | P4: {=IFERROR(IF(XLOOKUP(CONCAT(M4,N4),'PROCESOS PRD'!$J:$J,'PROCESOS PRD'!$H:$H,0,0)=0,"",XLOOKUP(CONCAT(M4,N4),'PROCESOS PRD'!$J:$J,'PROCESOS PRD'!$H:$H,0,0)),"")} | S4: {=IFERROR(IF(XLOOKUP(CONCAT(Q4,R4),'MASTER PLAN'!$AB:$AB,'MASTER PLAN'!$J:$J,0,0)=0,"",XLOOKUP(CONCAT(Q4,R4),'MASTER PLAN'!$AB:$AB,'MASTER PLAN'!$J:$J,0,0)),"")} | T4: {=IFERROR(IF(XLOOKUP(CONCAT(Q4,R4),'PROCESOS PRD'!$J:$J,'PROCESOS PRD'!$H:$H,0,0)=0,"",XLOOKUP(CONCAT(Q4,R4),'PROCESOS PRD'!$J:$J,'PROCESOS PRD'!$H:$H,0,0)),"")} | X4: {=IFERROR(IF(XLOOKUP(CONCAT(V4,W4),'MASTER PLAN'!$AB:$AB,'MASTER PLAN'!$J:$J,0,0)=0,"",XLOOKUP(CONCAT(V4,W4),'MASTER PLAN'!$AB:$AB,'MASTER PLAN'!$J:$J,0,0)),"")} | Y4: {=IFERROR(IF(XLOOKUP(CONCAT(V4,W4),'PROCESOS PRD'!$J:$J,'PROCESOS PRD'!$H:$H,0,0)=0,"",XLOOKUP(CONCAT(V4,W4),'PROCESOS PRD'!$J:$J,'PROCESOS PRD'!$H:$H,0,0)),"")} | AB4: {=IFERROR(IF(XLOOKUP(CONCAT(Z4,AA4),'MASTER PLAN'!$AB:$AB,'MASTER PLAN'!$J:$J,0,0)=0,"",XLOOKUP(CONCAT(Z4,AA4),'MASTER PLAN'!$AB:$AB,'MASTER PLAN'!$J:$J,0,0)),"")} | AC4: {=IFERROR(IF(XLOOKUP(CONCAT(Z4,AA4),'PROCESOS PRD'!$J:$J,'PROCESOS PRD'!$H:$H,0,0)=0,"",XLOOKUP(CONCAT(Z4,AA4),'PROCESOS PRD'!$J:$J,'PROCESOS PRD'!$H:$H,0,0)),"")} | AF4: {=IFERROR(IF(XLOOKUP(CONCAT(AD4,AE4),'MASTER PLAN'!$AB:$AB,'MASTER PLAN'!$J:$J,0,0)=0,"",XLOOKUP(CONCAT(AD4,AE4),'MASTER PLAN'!$AB:$AB,'MASTER PLAN'!$J:$J,0,0)),"")} | AG4: {=IFERROR(IF(XLOOKUP(CONCAT(AD4,AE4),'PROCESOS PRD'!$J:$J,'PROCESOS PRD'!$H:$H,0,0)=0,"",XLOOKUP(CONCAT(AD4,AE4),'PROCESOS PRD'!$J:$J,'PROCESOS PRD'!$H:$H,0,0)),"")} | AH4: 1402049286 | AI4: 10 | AJ4: {=IFERROR(IF(XLOOKUP(CONCAT(AH4,AI4),'MASTER PLAN'!$AB:$AB,'MASTER PLAN'!$J:$J,0,0)=0,"",XLOOKUP(CONCAT(AH4,AI4),'MASTER PLAN'!$AB:$AB,'MASTER PLAN'!$J:$J,0,0)),"")} -> BOLSA HUNTINGTON 6-5"X3-5"X6-5" | AK4: {=IFERROR(IF(XLOOKUP(CONCAT(AH4,AI4),'PROCESOS PRD'!$J:$J,'PROCESOS PRD'!$H:$H,0,0)=0,"",XLOOKUP(CONCAT(AH4,AI4),'PROCESOS PRD'!$J:$J,'PROCESOS PRD'!$H:$H,0,0)),"")} -> 5400 | AL4: 1402049402 | AM4: 10 | AN4: {=IFERROR(IF(XLOOKUP(CONCAT(AL4,AM4),'MASTER PLAN'!$AB:$AB,'MASTER PLAN'!$J:$J,0,0)=0,"",XLOOKUP(CONCAT(AL4,AM4),'MASTER PLAN'!$AB:$AB,'MASTER PLAN'!$J:$J,0,0)),"")} -> BOLSA LAWRENCE(GOLD CASTER)10-5"X5X8-25" | AO4: {=IFERROR(IF(XLOOKUP(CONCAT(AL4,AM4),'PROCESOS PRD'!$J:$J,'PROCESOS PRD'!$H:$H,0,0)=0,"",XLOOKUP(CONCAT(AL4,AM4),'PROCESOS PRD'!$J:$J,'PROCESOS PRD'!$H:$H,0,0)),"")} -> 3600 | AR4: {=IFERROR(IF(XLOOKUP(CONCAT(AP4,AQ4),'MASTER PLAN'!$AB:$AB,'MASTER PLAN'!$J:$J,0,0)=0,"",XLOOKUP(CONCAT(AP4,AQ4),'MASTER PLAN'!$AB:$AB,'MASTER PLAN'!$J:$J,0,0)),"")} | AS4: {=IFERROR(IF(XLOOKUP(CONCAT(AP4,AQ4),'PROCESOS PRD'!$J:$J,'PROCESOS PRD'!$H:$H,0,0)=0,"",XLOOKUP(CONCAT(AP4,AQ4),'PROCESOS PRD'!$J:$J,'PROCESOS PRD'!$H:$H,0,0)),"")} | AW4: {=IFERROR(IF(XLOOKUP(CONCAT(AU4,AV4),'MASTER PLAN'!$AB:$AB,'MASTER PLAN'!$J:$J,0,0)=0,"",XLOOKUP(CONCAT(AU4,AV4),'MASTER PLAN'!$AB:$AB,'MASTER PLAN'!$J:$J,0,0)),"")} | AX4: {=IFERROR(IF(XLOOKUP(CONCAT(AU4,AV4),'PROCESOS PRD'!$J:$J,'PROCESOS PRD'!$H:$H,0,0)=0,"",XLOOKUP(CONCAT(AU4,AV4),'PROCESOS PRD'!$J:$J,'PROCESOS PRD'!$H:$H,0,0)),"")} | BA4: {=IFERROR(IF(XLOOKUP(CONCAT(AY4,AZ4),'MASTER PLAN'!$AB:$AB,'MASTER PLAN'!$J:$J,0,0)=0,"",XLOOKUP(CONCAT(AY4,AZ4),'MASTER PLAN'!$AB:$AB,'MASTER PLAN'!$J:$J,0,0)),"")} | BB4: {=IFERROR(IF(XLOOKUP(CONCAT(AY4,AZ4),'PROCESOS PRD'!$J:$J,'PROCESOS PRD'!$H:$H,0,0)=0,"",XLOOKUP(CONCAT(AY4,AZ4),'PROCESOS PRD'!$J:$J,'PROCESOS PRD'!$H:$H,0,0)),"")} | BE4: {=IFERROR(IF(XLOOKUP(CONCAT(BC4,BD4),'MASTER PLAN'!$AB:$AB,'MASTER PLAN'!$J:$J,0,0)=0,"",XLOOKUP(CONCAT(BC4,BD4),'MASTER PLAN'!$AB:$AB,'MASTER PLAN'!$J:$J,0,0)),"")} | BF4: {=IFERROR(IF(XLOOKUP(CONCAT(BC4,BD4),'PROCESOS PRD'!$J:$J,'PROCESOS PRD'!$H:$H,0,0)=0,"",XLOOKUP(CONCAT(BC4,BD4),'PROCESOS PRD'!$J:$J,'PROCESOS PRD'!$H:$H,0,0)),"")} | BG4: 1402049318 | BH4: 10 | BI4: {=IFERROR(IF(XLOOKUP(CONCAT(BG4,BH4),'MASTER PLAN'!$AB:$AB,'MASTER PLAN'!$J:$J,0,0)=0,"",XLOOKUP(CONCAT(BG4,BH4),'MASTER PLAN'!$AB:$AB,'MASTER PLAN'!$J:$J,0,0)),"")} -> BOLSA WATERFALL JEWELERS 6-5"X3-5"X6-5" | BJ4: {=IFERROR(IF(XLOOKUP(CONCAT(BG4,BH4),'PROCESOS PRD'!$J:$J,'PROCESOS PRD'!$H:$H,0,0)=0,"",XLOOKUP(CONCAT(BG4,BH4),'PROCESOS PRD'!$J:$J,'PROCESOS PRD'!$H:$H,0,0)),"")} -> 3600 | BK4: 1402049480 | BL4: 10 | BM4: {=IFERROR(IF(XLOOKUP(CONCAT(BK4,BL4),'MASTER PLAN'!$AB:$AB,'MASTER PLAN'!$J:$J,0,0)=0,"",XLOOKUP(CONCAT(BK4,BL4),'MASTER PLAN'!$AB:$AB,'MASTER PLAN'!$J:$J,0,0)),"")} -> BOLSA LEE BRANT 8"X4"X10" | BN4: {=IFERROR(IF(XLOOKUP(CONCAT(BK4,BL4),'PROCESOS PRD'!$J:$J,'PROCESOS PRD'!$H:$H,0,0)=0,"",XLOOKUP(CONCAT(BK4,BL4),'PROCESOS PRD'!$J:$J,'PROCESOS PRD'!$H:$H,0,0)),"")} -> 1200 | BQ4: {=IFERROR(IF(XLOOKUP(CONCAT(BO4,BP4),'MASTER PLAN'!$AB:$AB,'MASTER PLAN'!$J:$J,0,0)=0,"",XLOOKUP(CONCAT(BO4,BP4),'MASTER PLAN'!$AB:$AB,'MASTER PLAN'!$J:$J,0,0)),"")} | BR4: {=IFERROR(IF(XLOOKUP(CONCAT(BO4,BP4),'PROCESOS PRD'!$J:$J,'PROCESOS PRD'!$H:$H,0,0)=0,"",XLOOKUP(CONCAT(BO4,BP4),'PROCESOS PRD'!$J:$J,'PROCESOS PRD'!$H:$H,0,0)),"")} | BT4: 1402049475 | BU4: 10 | BV4: {=IFERROR(IF(XLOOKUP(CONCAT(BT4,BU4),'MASTER PLAN'!$AB:$AB,'MASTER PLAN'!$J:$J,0,0)=0,"",XLOOKUP(CONCAT(BT4,BU4),'MASTER PLAN'!$AB:$AB,'MASTER PLAN'!$J:$J,0,0)),"")} -> BOLSA ROTTERMOND 9-75"X4"X7" | BW4: {=IFERROR(IF(XLOOKUP(CONCAT(BT4,BU4),'PROCESOS PRD'!$J:$J,'PROCESOS PRD'!$H:$H,0,0)=0,"",XLOOKUP(CONCAT(BT4,BU4),'PROCESOS PRD'!$J:$J,'PROCESOS PRD'!$H:$H,0,0)),"")} -> 1800 | BX4: 1402049559 | BY4: 10 | BZ4: {=IFERROR(IF(XLOOKUP(CONCAT(BX4,BY4),'MASTER PLAN'!$AB:$AB,'MASTER PLAN'!$J:$J,0,0)=0,"",XLOOKUP(CONCAT(BX4,BY4),'MASTER PLAN'!$AB:$AB,'MASTER PLAN'!$J:$J,0,0)),"")} -> BOLSA JOYERIA GARZON 4.75"X3.5"X6" | CA4: {=IFERROR(IF(XLOOKUP(CONCAT(BX4,BY4),'PROCESOS PRD'!$J:$J,'PROCESOS PRD'!$H:$H,0,0)=0,"",XLOOKUP(CONCAT(BX4,BY4),'PROCESOS PRD'!$J:$J,'PROCESOS PRD'!$H:$H,0,0)),"")} -> 2400 | CD4: {=IFERROR(IF(XLOOKUP(CONCAT(CB4,CC4),'MASTER PLAN'!$AB:$AB,'MASTER PLAN'!$J:$J,0,0)=0,"",XLOOKUP(CONCAT(CB4,CC4),'MASTER PLAN'!$AB:$AB,'MASTER PLAN'!$J:$J,0,0)),"")} | CE4: {=IFERROR(IF(XLOOKUP(CONCAT(CB4,CC4),'PROCESOS PRD'!$J:$J,'PROCESOS PRD'!$H:$H,0,0)=0,"",XLOOKUP(CONCAT(CB4,CC4),'PROCESOS PRD'!$J:$J,'PROCESOS PRD'!$H:$H,0,0)),"")} | CH4: {=IFERROR(IF(XLOOKUP(CONCAT(CF4,CG4),'MASTER PLAN'!$AB:$AB,'MASTER PLAN'!$J:$J,0,0)=0,"",XLOOKUP(CONCAT(CF4,CG4),'MASTER PLAN'!$AB:$AB,'MASTER PLAN'!$J:$J,0,0)),"")} | CI4: {=IFERROR(IF(XLOOKUP(CONCAT(CF4,CG4),'PROCESOS PRD'!$J:$J,'PROCESOS PRD'!$H:$H,0,0)=0,"",XLOOKUP(CONCAT(CF4,CG4),'PROCESOS PRD'!$J:$J,'PROCESOS PRD'!$H:$H,0,0)),"")} | CL4: {=IFERROR(IF(XLOOKUP(CONCAT(CJ4,CK4),'MASTER PLAN'!$AB:$AB,'MASTER PLAN'!$J:$J,0,0)=0,"",XLOOKUP(CONCAT(CJ4,CK4),'MASTER PLAN'!$AB:$AB,'MASTER PLAN'!$J:$J,0,0)),"")} | CM4: {=IFERROR(IF(XLOOKUP(CONCAT(CJ4,CK4),'PROCESOS PRD'!$J:$J,'PROCESOS PRD'!$H:$H,0,0)=0,"",XLOOKUP(CONCAT(CJ4,CK4),'PROCESOS PRD'!$J:$J,'PROCESOS PRD'!$H:$H,0,0)),"")} | CP4: {=IFERROR(IF(XLOOKUP(CONCAT(CN4,CO4),'MASTER PLAN'!$AB:$AB,'MASTER PLAN'!$J:$J,0,0)=0,"",XLOOKUP(CONCAT(CN4,CO4),'MASTER PLAN'!$AB:$AB,'MASTER PLAN'!$J:$J,0,0)),"")} | CQ4: {=IFERROR(IF(XLOOKUP(CONCAT(CN4,CO4),'PROCESOS PRD'!$J:$J,'PROCESOS PRD'!$H:$H,0,0)=0,"",XLOOKUP(CONCAT(CN4,CO4),'PROCESOS PRD'!$J:$J,'PROCESOS PRD'!$H:$H,0,0)),"")} | CU4: {=IFERROR(IF(XLOOKUP(CONCAT(CS4,CT4),'MASTER PLAN'!$AB:$AB,'MASTER PLAN'!$J:$J,0,0)=0,"",XLOOKUP(CONCAT(CS4,CT4),'MASTER PLAN'!$AB:$AB,'MASTER PLAN'!$J:$J,0,0)),"")} | CV4: {=IFERROR(IF(XLOOKUP(CONCAT(CS4,CT4),'PROCESOS PRD'!$J:$J,'PROCESOS PRD'!$H:$H,0,0)=0,"",XLOOKUP(CONCAT(CS4,CT4),'PROCESOS PRD'!$J:$J,'PROCESOS PRD'!$H:$H,0,0)),"")} | CY4: {=IFERROR(IF(XLOOKUP(CONCAT(CW4,CX4),'MASTER PLAN'!$AB:$AB,'MASTER PLAN'!$J:$J,0,0)=0,"",XLOOKUP(CONCAT(CW4,CX4),'MASTER PLAN'!$AB:$AB,'MASTER PLAN'!$J:$J,0,0)),"")} | CZ4: {=IFERROR(IF(XLOOKUP(CONCAT(CW4,CX4),'PROCESOS PRD'!$J:$J,'PROCESOS PRD'!$H:$H,0,0)=0,"",XLOOKUP(CONCAT(CW4,CX4),'PROCESOS PRD'!$J:$J,'PROCESOS PRD'!$H:$H,0,0)),"")} | DC4: {=IFERROR(IF(XLOOKUP(CONCAT(DA4,DB4),'MASTER PLAN'!$AB:$AB,'MASTER PLAN'!$J:$J,0,0)=0,"",XLOOKUP(CONCAT(DA4,DB4),'MASTER PLAN'!$AB:$AB,'MASTER PLAN'!$J:$J,0,0)),"")} | DD4: {=IFERROR(IF(XLOOKUP(CONCAT(DA4,DB4),'PROCESOS PRD'!$J:$J,'PROCESOS PRD'!$H:$H,0,0)=0,"",XLOOKUP(CONCAT(DA4,DB4),'PROCESOS PRD'!$J:$J,'PROCESOS PRD'!$H:$H,0,0)),"")} | DG4: {=IFERROR(IF(XLOOKUP(CONCAT(DE4,DF4),'MASTER PLAN'!$AB:$AB,'MASTER PLAN'!$J:$J,0,0)=0,"",XLOOKUP(CONCAT(DE4,DF4),'MASTER PLAN'!$AB:$AB,'MASTER PLAN'!$J:$J,0,0)),"")} | DH4: {=IFERROR(IF(XLOOKUP(CONCAT(DE4,DF4),'PROCESOS PRD'!$J:$J,'PROCESOS PRD'!$H:$H,0,0)=0,"",XLOOKUP(CONCAT(DE4,DF4),'PROCESOS PRD'!$J:$J,'PROCESOS PRD'!$H:$H,0,0)),"")} | DK4: {=IFERROR(IF(XLOOKUP(CONCAT(DI4,DJ4),'MASTER PLAN'!$AB:$AB,'MASTER PLAN'!$J:$J,0,0)=0,"",XLOOKUP(CONCAT(DI4,DJ4),'MASTER PLAN'!$AB:$AB,'MASTER PLAN'!$J:$J,0,0)),"")} | DL4: {=IFERROR(IF(XLOOKUP(CONCAT(DI4,DJ4),'PROCESOS PRD'!$J:$J,'PROCESOS PRD'!$H:$H,0,0)=0,"",XLOOKUP(CONCAT(DI4,DJ4),'PROCESOS PRD'!$J:$J,'PROCESOS PRD'!$H:$H,0,0)),"")} | DO4: {=IFERROR(IF(XLOOKUP(CONCAT(DM4,DN4),'MASTER PLAN'!$AB:$AB,'MASTER PLAN'!$J:$J,0,0)=0,"",XLOOKUP(CONCAT(DM4,DN4),'MASTER PLAN'!$AB:$AB,'MASTER PLAN'!$J:$J,0,0)),"")} | DP4: {=IFERROR(IF(XLOOKUP(CONCAT(DM4,DN4),'PROCESOS PRD'!$J:$J,'PROCESOS PRD'!$H:$H,0,0)=0,"",XLOOKUP(CONCAT(DM4,DN4),'PROCESOS PRD'!$J:$J,'PROCESOS PRD'!$H:$H,0,0)),"")} | DT4: {=IFERROR(IF(XLOOKUP(CONCAT(DR4,DS4),'MASTER PLAN'!$AB:$AB,'MASTER PLAN'!$J:$J,0,0)=0,"",XLOOKUP(CONCAT(DR4,DS4),'MASTER PLAN'!$AB:$AB,'MASTER PLAN'!$J:$J,0,0)),"")} | DU4: {=IFERROR(IF(XLOOKUP(CONCAT(DR4,DS4),'PROCESOS PRD'!$J:$J,'PROCESOS PRD'!$H:$H,0,0)=0,"",XLOOKUP(CONCAT(DR4,DS4),'PROCESOS PRD'!$J:$J,'PROCESOS PRD'!$H:$H,0,0)),"")} | DX4: {=IFERROR(IF(XLOOKUP(CONCAT(DV4,DW4),'MASTER PLAN'!$AB:$AB,'MASTER PLAN'!$J:$J,0,0)=0,"",XLOOKUP(CONCAT(DV4,DW4),'MASTER PLAN'!$AB:$AB,'MASTER PLAN'!$J:$J,0,0)),"")} | DY4: {=IFERROR(IF(XLOOKUP(CONCAT(DV4,DW4),'PROCESOS PRD'!$J:$J,'PROCESOS PRD'!$H:$H,0,0)=0,"",XLOOKUP(CONCAT(DV4,DW4),'PROCESOS PRD'!$J:$J,'PROCESOS PRD'!$H:$H,0,0)),"")} | EB4: {=IFERROR(IF(XLOOKUP(CONCAT(DZ4,EA4),'MASTER PLAN'!$AB:$AB,'MASTER PLAN'!$J:$J,0,0)=0,"",XLOOKUP(CONCAT(DZ4,EA4),'MASTER PLAN'!$AB:$AB,'MASTER PLAN'!$J:$J,0,0)),"")} | EC4: {=IFERROR(IF(XLOOKUP(CONCAT(DZ4,EA4),'PROCESOS PRD'!$J:$J,'PROCESOS PRD'!$H:$H,0,0)=0,"",XLOOKUP(CONCAT(DZ4,EA4),'PROCESOS PRD'!$J:$J,'PROCESOS PRD'!$H:$H,0,0)),"")} | EF4: {=IFERROR(IF(XLOOKUP(CONCAT(ED4,EE4),'MASTER PLAN'!$AB:$AB,'MASTER PLAN'!$J:$J,0,0)=0,"",XLOOKUP(CONCAT(ED4,EE4),'MASTER PLAN'!$AB:$AB,'MASTER PLAN'!$J:$J,0,0)),"")} | EG4: {=IFERROR(IF(XLOOKUP(CONCAT(ED4,EE4),'PROCESOS PRD'!$J:$J,'PROCESOS PRD'!$H:$H,0,0)=0,"",XLOOKUP(CONCAT(ED4,EE4),'PROCESOS PRD'!$J:$J,'PROCESOS PRD'!$H:$H,0,0)),"")} | EJ4: {=IFERROR(IF(XLOOKUP(CONCAT(EH4,EI4),'MASTER PLAN'!$AB:$AB,'MASTER PLAN'!$J:$J,0,0)=0,"",XLOOKUP(CONCAT(EH4,EI4),'MASTER PLAN'!$AB:$AB,'MASTER PLAN'!$J:$J,0,0)),"")} | EK4: {=IFERROR(IF(XLOOKUP(CONCAT(EH4,EI4),'PROCESOS PRD'!$J:$J,'PROCESOS PRD'!$H:$H,0,0)=0,"",XLOOKUP(CONCAT(EH4,EI4),'PROCESOS PRD'!$J:$J,'PROCESOS PRD'!$H:$H,0,0)),"")} | EN4: {=IFERROR(IF(XLOOKUP(CONCAT(EL4,EM4),'MASTER PLAN'!$AB:$AB,'MASTER PLAN'!$J:$J,0,0)=0,"",XLOOKUP(CONCAT(EL4,EM4),'MASTER PLAN'!$AB:$AB,'MASTER PLAN'!$J:$J,0,0)),"")} | EO4: {=IFERROR(IF(XLOOKUP(CONCAT(EL4,EM4),'PROCESOS PRD'!$J:$J,'PROCESOS PRD'!$H:$H,0,0)=0,"",XLOOKUP(CONCAT(EL4,EM4),'PROCESOS PRD'!$J:$J,'PROCESOS PRD'!$H:$H,0,0)),"")} | ES4: {=IFERROR(IF(XLOOKUP(CONCAT(EQ4,ER4),'MASTER PLAN'!$AB:$AB,'MASTER PLAN'!$J:$J,0,0)=0,"",XLOOKUP(CONCAT(EQ4,ER4),'MASTER PLAN'!$AB:$AB,'MASTER PLAN'!$J:$J,0,0)),"")} | ET4: {=IFERROR(IF(XLOOKUP(CONCAT(EQ4,ER4),'PROCESOS PRD'!$J:$J,'PROCESOS PRD'!$H:$H,0,0)=0,"",XLOOKUP(CONCAT(EQ4,ER4),'PROCESOS PRD'!$J:$J,'PROCESOS PRD'!$H:$H,0,0)),"")} | EW4: {=IFERROR(IF(XLOOKUP(CONCAT(EU4,EV4),'MASTER PLAN'!$AB:$AB,'MASTER PLAN'!$J:$J,0,0)=0,"",XLOOKUP(CONCAT(EU4,EV4),'MASTER PLAN'!$AB:$AB,'MASTER PLAN'!$J:$J,0,0)),"")} | EX4: {=IFERROR(IF(XLOOKUP(CONCAT(EU4,EV4),'PROCESOS PRD'!$J:$J,'PROCESOS PRD'!$H:$H,0,0)=0,"",XLOOKUP(CONCAT(EU4,EV4),'PROCESOS PRD'!$J:$J,'PROCESOS PRD'!$H:$H,0,0)),"")} | FA4: {=IFERROR(IF(XLOOKUP(CONCAT(EY4,EZ4),'MASTER PLAN'!$AB:$AB,'MASTER PLAN'!$J:$J,0,0)=0,"",XLOOKUP(CONCAT(EY4,EZ4),'MASTER PLAN'!$AB:$AB,'MASTER PLAN'!$J:$J,0,0)),"")} | FB4: {=IFERROR(IF(XLOOKUP(CONCAT(EY4,EZ4),'PROCESOS PRD'!$J:$J,'PROCESOS PRD'!$H:$H,0,0)=0,"",XLOOKUP(CONCAT(EY4,EZ4),'PROCESOS PRD'!$J:$J,'PROCESOS PRD'!$H:$H,0,0)),"")} | FE4: {=IFERROR(IF(XLOOKUP(CONCAT(FC4,FD4),'MASTER PLAN'!$AB:$AB,'MASTER PLAN'!$J:$J,0,0)=0,"",XLOOKUP(CONCAT(FC4,FD4),'MASTER PLAN'!$AB:$AB,'MASTER PLAN'!$J:$J,0,0)),"")} | FF4: {=IFERROR(IF(XLOOKUP(CONCAT(FC4,FD4),'PROCESOS PRD'!$J:$J,'PROCESOS PRD'!$H:$H,0,0)=0,"",XLOOKUP(CONCAT(FC4,FD4),'PROCESOS PRD'!$J:$J,'PROCESOS PRD'!$H:$H,0,0)),"")} | FI4: {=IFERROR(IF(XLOOKUP(CONCAT(FG4,FH4),'MASTER PLAN'!$AB:$AB,'MASTER PLAN'!$J:$J,0,0)=0,"",XLOOKUP(CONCAT(FG4,FH4),'MASTER PLAN'!$AB:$AB,'MASTER PLAN'!$J:$J,0,0)),"")} | FJ4: {=IFERROR(IF(XLOOKUP(CONCAT(FG4,FH4),'PROCESOS PRD'!$J:$J,'PROCESOS PRD'!$H:$H,0,0)=0,"",XLOOKUP(CONCAT(FG4,FH4),'PROCESOS PRD'!$J:$J,'PROCESOS PRD'!$H:$H,0,0)),"")} | FM4: {=IFERROR(IF(XLOOKUP(CONCAT(FK4,FL4),'MASTER PLAN'!$AB:$AB,'MASTER PLAN'!$J:$J,0,0)=0,"",XLOOKUP(CONCAT(FK4,FL4),'MASTER PLAN'!$AB:$AB,'MASTER PLAN'!$J:$J,0,0)),"")} | FN4: {=IFERROR(IF(XLOOKUP(CONCAT(FK4,FL4),'PROCESOS PRD'!$J:$J,'PROCESOS PRD'!$H:$H,0,0)=0,"",XLOOKUP(CONCAT(FK4,FL4),'PROCESOS PRD'!$J:$J,'PROCESOS PRD'!$H:$H,0,0)),"")} | FR4: {=IFERROR(IF(XLOOKUP(CONCAT(FP4,FQ4),'MASTER PLAN'!$AB:$AB,'MASTER PLAN'!$J:$J,0,0)=0,"",XLOOKUP(CONCAT(FP4,FQ4),'MASTER PLAN'!$AB:$AB,'MASTER PLAN'!$J:$J,0,0)),"")} | FS4: {=IFERROR(IF(XLOOKUP(CONCAT(FP4,FQ4),'PROCESOS PRD'!$J:$J,'PROCESOS PRD'!$H:$H,0,0)=0,"",XLOOKUP(CONCAT(FP4,FQ4),'PROCESOS PRD'!$J:$J,'PROCESOS PRD'!$H:$H,0,0)),"")} | FV4: {=IFERROR(IF(XLOOKUP(CONCAT(FT4,FU4),'MASTER PLAN'!$AB:$AB,'MASTER PLAN'!$J:$J,0,0)=0,"",XLOOKUP(CONCAT(FT4,FU4),'MASTER PLAN'!$AB:$AB,'MASTER PLAN'!$J:$J,0,0)),"")} | FW4: {=IFERROR(IF(XLOOKUP(CONCAT(FT4,FU4),'PROCESOS PRD'!$J:$J,'PROCESOS PRD'!$H:$H,0,0)=0,"",XLOOKUP(CONCAT(FT4,FU4),'PROCESOS PRD'!$J:$J,'PROCESOS PRD'!$H:$H,0,0)),"")} | FZ4: {=IFERROR(IF(XLOOKUP(CONCAT(FX4,FY4),'MASTER PLAN'!$AB:$AB,'MASTER PLAN'!$J:$J,0,0)=0,"",XLOOKUP(CONCAT(FX4,FY4),'MASTER PLAN'!$AB:$AB,'MASTER PLAN'!$J:$J,0,0)),"")} | GA4: {=IFERROR(IF(XLOOKUP(CONCAT(FX4,FY4),'PROCESOS PRD'!$J:$J,'PROCESOS PRD'!$H:$H,0,0)=0,"",XLOOKUP(CONCAT(FX4,FY4),'PROCESOS PRD'!$J:$J,'PROCESOS PRD'!$H:$H,0,0)),"")} | GD4: {=IFERROR(IF(XLOOKUP(CONCAT(GB4,GC4),'MASTER PLAN'!$AB:$AB,'MASTER PLAN'!$J:$J,0,0)=0,"",XLOOKUP(CONCAT(GB4,GC4),'MASTER PLAN'!$AB:$AB,'MASTER PLAN'!$J:$J,0,0)),"")} | GE4: {=IFERROR(IF(XLOOKUP(CONCAT(GB4,GC4),'PROCESOS PRD'!$J:$J,'PROCESOS PRD'!$H:$H,0,0)=0,"",XLOOKUP(CONCAT(GB4,GC4),'PROCESOS PRD'!$J:$J,'PROCESOS PRD'!$H:$H,0,0)),"")} | GF4: 1402049543 | GG4: 10 | GH4: {=IFERROR(IF(XLOOKUP(CONCAT(GF4,GG4),'MASTER PLAN'!$AB:$AB,'MASTER PLAN'!$J:$J,0,0)=0,"",XLOOKUP(CONCAT(GF4,GG4),'MASTER PLAN'!$AB:$AB,'MASTER PLAN'!$J:$J,0,0)),"")} -> BOLSA J-C- JEWELERS 10"X4"X8" -BLUE | GI4: {=IFERROR(IF(XLOOKUP(CONCAT(GF4,GG4),'PROCESOS PRD'!$J:$J,'PROCESOS PRD'!$H:$H,0,0)=0,"",XLOOKUP(CONCAT(GF4,GG4),'PROCESOS PRD'!$J:$J,'PROCESOS PRD'!$H:$H,0,0)),"")} -> 1800 | GL4: {=IFERROR(IF(XLOOKUP(CONCAT(GJ4,GK4),'MASTER PLAN'!$AB:$AB,'MASTER PLAN'!$J:$J,0,0)=0,"",XLOOKUP(CONCAT(GJ4,GK4),'MASTER PLAN'!$AB:$AB,'MASTER PLAN'!$J:$J,0,0)),"")} | GM4: {=IFERROR(IF(XLOOKUP(CONCAT(GJ4,GK4),'PROCESOS PRD'!$J:$J,'PROCESOS PRD'!$H:$H,0,0)=0,"",XLOOKUP(CONCAT(GJ4,GK4),'PROCESOS PRD'!$J:$J,'PROCESOS PRD'!$H:$H,0,0)),"")} | GQ4: {=IFERROR(IF(XLOOKUP(CONCAT(GO4,GP4),'MASTER PLAN'!$AB:$AB,'MASTER PLAN'!$J:$J,0,0)=0,"",XLOOKUP(CONCAT(GO4,GP4),'MASTER PLAN'!$AB:$AB,'MASTER PLAN'!$J:$J,0,0)),"")} | GR4: {=IFERROR(IF(XLOOKUP(CONCAT(GO4,GP4),'PROCESOS PRD'!$J:$J,'PROCESOS PRD'!$H:$H,0,0)=0,"",XLOOKUP(CONCAT(GO4,GP4),'PROCESOS PRD'!$J:$J,'PROCESOS PRD'!$H:$H,0,0)),"")} | GU4: {=IFERROR(IF(XLOOKUP(CONCAT(GS4,GT4),'MASTER PLAN'!$AB:$AB,'MASTER PLAN'!$J:$J,0,0)=0,"",XLOOKUP(CONCAT(GS4,GT4),'MASTER PLAN'!$AB:$AB,'MASTER PLAN'!$J:$J,0,0)),"")} | GV4: {=IFERROR(IF(XLOOKUP(CONCAT(GS4,GT4),'PROCESOS PRD'!$J:$J,'PROCESOS PRD'!$H:$H,0,0)=0,"",XLOOKUP(CONCAT(GS4,GT4),'PROCESOS PRD'!$J:$J,'PROCESOS PRD'!$H:$H,0,0)),"")} | GY4: {=IFERROR(IF(XLOOKUP(CONCAT(GW4,GX4),'MASTER PLAN'!$AB:$AB,'MASTER PLAN'!$J:$J,0,0)=0,"",XLOOKUP(CONCAT(GW4,GX4),'MASTER PLAN'!$AB:$AB,'MASTER PLAN'!$J:$J,0,0)),"")} | GZ4: {=IFERROR(IF(XLOOKUP(CONCAT(GW4,GX4),'PROCESOS PRD'!$J:$J,'PROCESOS PRD'!$H:$H,0,0)=0,"",XLOOKUP(CONCAT(GW4,GX4),'PROCESOS PRD'!$J:$J,'PROCESOS PRD'!$H:$H,0,0)),"")} | HC4: {=IFERROR(IF(XLOOKUP(CONCAT(HA4,HB4),'MASTER PLAN'!$AB:$AB,'MASTER PLAN'!$J:$J,0,0)=0,"",XLOOKUP(CONCAT(HA4,HB4),'MASTER PLAN'!$AB:$AB,'MASTER PLAN'!$J:$J,0,0)),"")} | HD4: {=IFERROR(IF(XLOOKUP(CONCAT(HA4,HB4),'PROCESOS PRD'!$J:$J,'PROCESOS PRD'!$H:$H,0,0)=0,"",XLOOKUP(CONCAT(HA4,HB4),'PROCESOS PRD'!$J:$J,'PROCESOS PRD'!$H:$H,0,0)),"")} | HG4: {=IFERROR(IF(XLOOKUP(CONCAT(HE4,HF4),'MASTER PLAN'!$AB:$AB,'MASTER PLAN'!$J:$J,0,0)=0,"",XLOOKUP(CONCAT(HE4,HF4),'MASTER PLAN'!$AB:$AB,'MASTER PLAN'!$J:$J,0,0)),"")} | HH4: {=IFERROR(IF(XLOOKUP(CONCAT(HE4,HF4),'PROCESOS PRD'!$J:$J,'PROCESOS PRD'!$H:$H,0,0)=0,"",XLOOKUP(CONCAT(HE4,HF4),'PROCESOS PRD'!$J:$J,'PROCESOS PRD'!$H:$H,0,0)),"")} | HK4: {=IFERROR(IF(XLOOKUP(CONCAT(HI4,HJ4),'MASTER PLAN'!$AB:$AB,'MASTER PLAN'!$J:$J,0,0)=0,"",XLOOKUP(CONCAT(HI4,HJ4),'MASTER PLAN'!$AB:$AB,'MASTER PLAN'!$J:$J,0,0)),"")} | HL4: {=IFERROR(IF(XLOOKUP(CONCAT(HI4,HJ4),'PROCESOS PRD'!$J:$J,'PROCESOS PRD'!$H:$H,0,0)=0,"",XLOOKUP(CONCAT(HI4,HJ4),'PROCESOS PRD'!$J:$J,'PROCESOS PRD'!$H:$H,0,0)),"")} | HP4: {=IFERROR(IF(XLOOKUP(CONCAT(HN4,HO4),'MASTER PLAN'!$AB:$AB,'MASTER PLAN'!$J:$J,0,0)=0,"",XLOOKUP(CONCAT(HN4,HO4),'MASTER PLAN'!$AB:$AB,'MASTER PLAN'!$J:$J,0,0)),"")} | HQ4: {=IFERROR(IF(XLOOKUP(CONCAT(HN4,HO4),'PROCESOS PRD'!$J:$J,'PROCESOS PRD'!$H:$H,0,0)=0,"",XLOOKUP(CONCAT(HN4,HO4),'PROCESOS PRD'!$J:$J,'PROCESOS PRD'!$H:$H,0,0)),"")} | HT4: {=IFERROR(IF(XLOOKUP(CONCAT(HR4,HS4),'MASTER PLAN'!$AB:$AB,'MASTER PLAN'!$J:$J,0,0)=0,"",XLOOKUP(CONCAT(HR4,HS4),'MASTER PLAN'!$AB:$AB,'MASTER PLAN'!$J:$J,0,0)),"")} | HU4: {=IFERROR(IF(XLOOKUP(CONCAT(HR4,HS4),'PROCESOS PRD'!$J:$J,'PROCESOS PRD'!$H:$H,0,0)=0,"",XLOOKUP(CONCAT(HR4,HS4),'PROCESOS PRD'!$J:$J,'PROCESOS PRD'!$H:$H,0,0)),"")} | HX4: {=IFERROR(IF(XLOOKUP(CONCAT(HV4,HW4),'MASTER PLAN'!$AB:$AB,'MASTER PLAN'!$J:$J,0,0)=0,"",XLOOKUP(CONCAT(HV4,HW4),'MASTER PLAN'!$AB:$AB,'MASTER PLAN'!$J:$J,0,0)),"")} | HY4: {=IFERROR(IF(XLOOKUP(CONCAT(HV4,HW4),'PROCESOS PRD'!$J:$J,'PROCESOS PRD'!$H:$H,0,0)=0,"",XLOOKUP(CONCAT(HV4,HW4),'PROCESOS PRD'!$J:$J,'PROCESOS PRD'!$H:$H,0,0)),"")} | IB4: {=IFERROR(IF(XLOOKUP(CONCAT(HZ4,IA4),'MASTER PLAN'!$AB:$AB,'MASTER PLAN'!$J:$J,0,0)=0,"",XLOOKUP(CONCAT(HZ4,IA4),'MASTER PLAN'!$AB:$AB,'MASTER PLAN'!$J:$J,0,0)),"")} | IC4: {=IFERROR(IF(XLOOKUP(CONCAT(HZ4,IA4),'PROCESOS PRD'!$J:$J,'PROCESOS PRD'!$H:$H,0,0)=0,"",XLOOKUP(CONCAT(HZ4,IA4),'PROCESOS PRD'!$J:$J,'PROCESOS PRD'!$H:$H,0,0)),"")} | IF4: {=IFERROR(IF(XLOOKUP(CONCAT(ID4,IE4),'MASTER PLAN'!$AB:$AB,'MASTER PLAN'!$J:$J,0,0)=0,"",XLOOKUP(CONCAT(ID4,IE4),'MASTER PLAN'!$AB:$AB,'MASTER PLAN'!$J:$J,0,0)),"")} | IG4: {=IFERROR(IF(XLOOKUP(CONCAT(ID4,IE4),'PROCESOS PRD'!$J:$J,'PROCESOS PRD'!$H:$H,0,0)=0,"",XLOOKUP(CONCAT(ID4,IE4),'PROCESOS PRD'!$J:$J,'PROCESOS PRD'!$H:$H,0,0)),"")} | IJ4: {=IFERROR(IF(XLOOKUP(CONCAT(IH4,II4),'MASTER PLAN'!$AB:$AB,'MASTER PLAN'!$J:$J,0,0)=0,"",XLOOKUP(CONCAT(IH4,II4),'MASTER PLAN'!$AB:$AB,'MASTER PLAN'!$J:$J,0,0)),"")} | IK4: {=IFERROR(IF(XLOOKUP(CONCAT(IH4,II4),'PROCESOS PRD'!$J:$J,'PROCESOS PRD'!$H:$H,0,0)=0,"",XLOOKUP(CONCAT(IH4,II4),'PROCESOS PRD'!$J:$J,'PROCESOS PRD'!$H:$H,0,0)),"")} | IO4: {=IFERROR(IF(XLOOKUP(CONCAT(IM4,IN4),'MASTER PLAN'!$AB:$AB,'MASTER PLAN'!$J:$J,0,0)=0,"",XLOOKUP(CONCAT(IM4,IN4),'MASTER PLAN'!$AB:$AB,'MASTER PLAN'!$J:$J,0,0)),"")} | IP4: {=IFERROR(IF(XLOOKUP(CONCAT(IM4,IN4),'PROCESOS PRD'!$J:$J,'PROCESOS PRD'!$H:$H,0,0)=0,"",XLOOKUP(CONCAT(IM4,IN4),'PROCESOS PRD'!$J:$J,'PROCESOS PRD'!$H:$H,0,0)),"")} | IS4: {=IFERROR(IF(XLOOKUP(CONCAT(IQ4,IR4),'MASTER PLAN'!$AB:$AB,'MASTER PLAN'!$J:$J,0,0)=0,"",XLOOKUP(CONCAT(IQ4,IR4),'MASTER PLAN'!$AB:$AB,'MASTER PLAN'!$J:$J,0,0)),"")} | IT4: {=IFERROR(IF(XLOOKUP(CONCAT(IQ4,IR4),'PROCESOS PRD'!$J:$J,'PROCESOS PRD'!$H:$H,0,0)=0,"",XLOOKUP(CONCAT(IQ4,IR4),'PROCESOS PRD'!$J:$J,'PROCESOS PRD'!$H:$H,0,0)),"")} | IW4: {=IFERROR(IF(XLOOKUP(CONCAT(IU4,IV4),'MASTER PLAN'!$AB:$AB,'MASTER PLAN'!$J:$J,0,0)=0,"",XLOOKUP(CONCAT(IU4,IV4),'MASTER PLAN'!$AB:$AB,'MASTER PLAN'!$J:$J,0,0)),"")} | IX4: {=IFERROR(IF(XLOOKUP(CONCAT(IU4,IV4),'PROCESOS PRD'!$J:$J,'PROCESOS PRD'!$H:$H,0,0)=0,"",XLOOKUP(CONCAT(IU4,IV4),'PROCESOS PRD'!$J:$J,'PROCESOS PRD'!$H:$H,0,0)),"")} | JA4: {=IFERROR(IF(XLOOKUP(CONCAT(IY4,IZ4),'MASTER PLAN'!$AB:$AB,'MASTER PLAN'!$J:$J,0,0)=0,"",XLOOKUP(CONCAT(IY4,IZ4),'MASTER PLAN'!$AB:$AB,'MASTER PLAN'!$J:$J,0,0)),"")} | JB4: {=IFERROR(IF(XLOOKUP(CONCAT(IY4,IZ4),'PROCESOS PRD'!$J:$J,'PROCESOS PRD'!$H:$H,0,0)=0,"",XLOOKUP(CONCAT(IY4,IZ4),'PROCESOS PRD'!$J:$J,'PROCESOS PRD'!$H:$H,0,0)),"")} | JE4: {=IFERROR(IF(XLOOKUP(CONCAT(JC4,JD4),'MASTER PLAN'!$AB:$AB,'MASTER PLAN'!$J:$J,0,0)=0,"",XLOOKUP(CONCAT(JC4,JD4),'MASTER PLAN'!$AB:$AB,'MASTER PLAN'!$J:$J,0,0)),"")} | JF4: {=IFERROR(IF(XLOOKUP(CONCAT(JC4,JD4),'PROCESOS PRD'!$J:$J,'PROCESOS PRD'!$H:$H,0,0)=0,"",XLOOKUP(CONCAT(JC4,JD4),'PROCESOS PRD'!$J:$J,'PROCESOS PRD'!$H:$H,0,0)),"")} | JI4: {=IFERROR(IF(XLOOKUP(CONCAT(JG4,JH4),'MASTER PLAN'!$AB:$AB,'MASTER PLAN'!$J:$J,0,0)=0,"",XLOOKUP(CONCAT(JG4,JH4),'MASTER PLAN'!$AB:$AB,'MASTER PLAN'!$J:$J,0,0)),"")} | JJ4: {=IFERROR(IF(XLOOKUP(CONCAT(JG4,JH4),'PROCESOS PRD'!$J:$J,'PROCESOS PRD'!$H:$H,0,0)=0,"",XLOOKUP(CONCAT(JG4,JH4),'PROCESOS PRD'!$J:$J,'PROCESOS PRD'!$H:$H,0,0)),"")} | JN4: {=IFERROR(IF(XLOOKUP(CONCAT(JL4,JM4),'MASTER PLAN'!$AB:$AB,'MASTER PLAN'!$J:$J,0,0)=0,"",XLOOKUP(CONCAT(JL4,JM4),'MASTER PLAN'!$AB:$AB,'MASTER PLAN'!$J:$J,0,0)),"")} | JO4: {=IFERROR(IF(XLOOKUP(CONCAT(JL4,JM4),'PROCESOS PRD'!$J:$J,'PROCESOS PRD'!$H:$H,0,0)=0,"",XLOOKUP(CONCAT(JL4,JM4),'PROCESOS PRD'!$J:$J,'PROCESOS PRD'!$H:$H,0,0)),"")} | JR4: {=IFERROR(IF(XLOOKUP(CONCAT(JP4,JQ4),'MASTER PLAN'!$AB:$AB,'MASTER PLAN'!$J:$J,0,0)=0,"",XLOOKUP(CONCAT(JP4,JQ4),'MASTER PLAN'!$AB:$AB,'MASTER PLAN'!$J:$J,0,0)),"")} | JS4: {=IFERROR(IF(XLOOKUP(CONCAT(JP4,JQ4),'PROCESOS PRD'!$J:$J,'PROCESOS PRD'!$H:$H,0,0)=0,"",XLOOKUP(CONCAT(JP4,JQ4),'PROCESOS PRD'!$J:$J,'PROCESOS PRD'!$H:$H,0,0)),"")} | JV4: {=IFERROR(IF(XLOOKUP(CONCAT(JT4,JU4),'MASTER PLAN'!$AB:$AB,'MASTER PLAN'!$J:$J,0,0)=0,"",XLOOKUP(CONCAT(JT4,JU4),'MASTER PLAN'!$AB:$AB,'MASTER PLAN'!$J:$J,0,0)),"")} | JW4: {=IFERROR(IF(XLOOKUP(CONCAT(JT4,JU4),'PROCESOS PRD'!$J:$J,'PROCESOS PRD'!$H:$H,0,0)=0,"",XLOOKUP(CONCAT(JT4,JU4),'PROCESOS PRD'!$J:$J,'PROCESOS PRD'!$H:$H,0,0)),"")} | JZ4: {=IFERROR(IF(XLOOKUP(CONCAT(JX4,JY4),'MASTER PLAN'!$AB:$AB,'MASTER PLAN'!$J:$J,0,0)=0,"",XLOOKUP(CONCAT(JX4,JY4),'MASTER PLAN'!$AB:$AB,'MASTER PLAN'!$J:$J,0,0)),"")} | KA4: {=IFERROR(IF(XLOOKUP(CONCAT(JX4,JY4),'PROCESOS PRD'!$J:$J,'PROCESOS PRD'!$H:$H,0,0)=0,"",XLOOKUP(CONCAT(JX4,JY4),'PROCESOS PRD'!$J:$J,'PROCESOS PRD'!$H:$H,0,0)),"")} | KD4: {=IFERROR(IF(XLOOKUP(CONCAT(KB4,KC4),'MASTER PLAN'!$AB:$AB,'MASTER PLAN'!$J:$J,0,0)=0,"",XLOOKUP(CONCAT(KB4,KC4),'MASTER PLAN'!$AB:$AB,'MASTER PLAN'!$J:$J,0,0)),"")} | KE4: {=IFERROR(IF(XLOOKUP(CONCAT(KB4,KC4),'PROCESOS PRD'!$J:$J,'PROCESOS PRD'!$H:$H,0,0)=0,"",XLOOKUP(CONCAT(KB4,KC4),'PROCESOS PRD'!$J:$J,'PROCESOS PRD'!$H:$H,0,0)),"")} | KH4: {=IFERROR(IF(XLOOKUP(CONCAT(KF4,KG4),'MASTER PLAN'!$AB:$AB,'MASTER PLAN'!$J:$J,0,0)=0,"",XLOOKUP(CONCAT(KF4,KG4),'MASTER PLAN'!$AB:$AB,'MASTER PLAN'!$J:$J,0,0)),"")} | KI4: {=IFERROR(IF(XLOOKUP(CONCAT(KF4,KG4),'PROCESOS PRD'!$J:$J,'PROCESOS PRD'!$H:$H,0,0)=0,"",XLOOKUP(CONCAT(KF4,KG4),'PROCESOS PRD'!$J:$J,'PROCESOS PRD'!$H:$H,0,0)),"")}
